,inner_word_ngrams,inner_pos_ngrams,inner_average_sentence_length,inner_normalized_standard_deviation_of_sentence_length,inner_average_word_length,inner_normalized_standard_deviation_of_word_length,inner_average_syllables_per_word,inner_normalized_standard_deviation_of_syllables_per_word,inner_average_flesch_kincaid_reading_ease_score_per_sentence,inner_normalized_standard_deviation_of_flesch_kincaid_reading_ease_score_per_sentence,inner_average_gunning_fog_index_per_sentence,inner_normalized_standard_deviation_of_gunning_fog_index_per_sentence,external_Unnamed: 0,external_word_ngrams,external_pos_ngrams,external_average_sentence_length,external_normalized_standard_deviation_of_sentence_length,external_average_word_length,external_normalized_standard_deviation_of_word_length,external_average_syllables_per_word,external_normalized_standard_deviation_of_syllables_per_word,external_average_flesch_kincaid_reading_ease_score_per_sentence,external_normalized_standard_deviation_of_flesch_kincaid_reading_ease_score_per_sentence,external_average_gunning_fog_index_per_sentence,external_normalized_standard_deviation_of_gunning_fog_index_per_sentence,sentence_vector_similarity_max,sentence_vector_similarity_avg,external_file_name
0,0.060238511,0.104001257,32.49640288,0.527839271,4.332078813,0.547839347,1.275182643,0.499275855,60.6671223,0.374626969,15.14467626,0.463328739,0,3.18E-08,2.49E-05,0.126785528,0.000808854,0.000355563,8.86E-05,0.001829684,4.73E-05,0.105074109,0.00055941,0.024956094,0.000928144,1,0.880913782,ex_src_p10_00524.txt
1,0.059532337,0.105453977,33.78030303,0.525620755,4.664947298,0.56444571,1.39538013,0.54469954,48.14068182,0.481418484,17.53734848,0.423983998,0,2.14E-06,1.77E-05,0.00530303,0.00302737,0.000865946,8.47E-05,1.30E-05,0.000367888,0.318025568,0.000181058,0.002000628,5.15E-05,0.969790106,0.896643319,ex_src_p10_00524.txt
2,0.053315357,0.114253889,34,0.606637102,4.215759438,0.517715647,1.250658472,0.483765207,60.49104478,0.401666358,15.84992537,0.5507752,0,0.000695561,1.95E-05,0.059259259,0.001028954,0.001307765,9.61E-05,0.000168538,4.98E-05,0.058642179,0.000277118,0.025695542,0.000313048,1,0.895893882,ex_src_p10_00524.txt
3,0.060952936,0.106398599,24.23555556,0.633399527,4.437557308,0.557596957,1.302402347,0.500207874,68.9136,0.327022638,11.61137778,0.57597772,0,3.83E-06,1.48E-05,0.011019787,0.000351671,0.002057253,8.22E-05,0.000303235,0.000124133,0.040523077,0.000148759,0.007025926,0.000396181,1,0.872031637,ex_src_p10_00524.txt
4,0.058795767,0.116685443,28.32402235,0.570443663,4.580078895,0.587885866,1.421499014,0.567058899,56.21189944,0.508298968,15.06927374,0.489600239,0,4.41E-06,1.19E-05,0.033120511,0.000112614,0.000921766,0.000171858,1.68E-06,2.66E-05,0.010681204,0.000453571,0.040476257,0.000702399,1,0.905713682,ex_src_p10_00524.txt
5,0.060066585,0.120656939,32.84615385,0.635112513,4.555620609,0.546851352,1.366705699,0.516972341,53.42282051,0.551205117,16.56525641,0.545281632,0,3.01E-06,4.73E-05,0,0.00060597,0.000576637,0.000151135,0.000627485,1.00E-05,0.216210343,8.39E-05,0.053871107,9.79E-06,1,0.885211081,ex_src_p10_00524.txt
6,0.059162452,0.124283331,41.66949153,0.497366704,5.030913158,0.586532975,1.54931869,0.601573472,25.18398305,0.916053217,23.36830508,0.347981529,0,4.13E-06,7.71E-05,0.471078827,0.001794115,0.001765176,0.000146726,0.001944036,0.001466667,1.149674092,0.018459493,0.68309141,0.001282977,0.963028997,0.910308994,ex_src_p10_00524.txt
7,0.057962851,0.118027368,31.53179191,0.642445499,4.395967003,0.516874885,1.263428048,0.451932334,62.72809249,0.388001718,15.17815029,0.544300204,0,2.47E-06,5.38E-05,0.026937539,0.000413567,0.000125092,0.0001292,0.000105816,0.00041077,0.066452969,0.00013859,0.008517936,0.00011503,1,0.893365377,ex_src_p10_00524.txt
8,0.058558059,0.118645216,29.52247191,0.527766142,4.611798287,0.523021995,1.342530923,0.497412464,58.10011236,0.30857755,14.53162921,0.408693145,0,2.66E-06,3.64E-05,0.049645823,0.000881983,0.000845699,6.78E-08,1.12E-05,1.63E-05,0.000509711,0.000115088,0.00347605,0.000379691,1,0.883849626,ex_src_p10_00524.txt
9,0.060359845,0.100454019,14.2890625,0.942297494,4.384909787,0.540061427,1.26426098,0.477877867,81.42567708,0.312532546,7.107630208,0.90116675,0,1.31E-06,1.63E-05,0.031752558,6.09E-05,0.000179133,2.73E-05,0.000270939,3.75E-05,0.079666154,0.000616474,0.012420906,0.000593028,1,0.843892784,ex_src_p10_00524.txt
10,0.059311501,0.117077577,38.94814815,0.683624046,4.706922784,0.558907441,1.394636744,0.530866469,44.8817037,0.714432226,19.36940741,0.571054539,0,7.24E-07,0.000117344,0.134588826,0.001591898,0.000108204,2.83E-05,9.87E-05,0.000108515,0.646739675,0.002417939,0.040146164,0.000166227,0.959366471,0.907676004,ex_src_p10_00524.txt
11,0.055956515,0.115233611,26.26315789,0.6947024,4.361267991,0.510572701,1.278557114,0.477407302,65.15267943,0.35627603,12.91320574,0.599259136,0,2.43E-05,3.29E-05,0.055682685,0.000554878,0.001199731,1.32E-06,0.000396195,7.65E-05,0.027229189,0.00067792,0.007879655,0.000425401,0.965361043,0.860295039,ex_src_p10_00524.txt
12,0.056128308,0.128822903,22.55029586,0.747505993,4.347152978,0.491921548,1.235633692,0.460594669,73.11721893,0.356791329,11.03514793,0.633614743,0,0.000110963,8.61E-05,5.66E-05,0.000358668,8.90E-05,0.00047611,0.000466486,0.000321769,0.002197123,0.000162621,0.006571528,3.65E-05,1,0.86364961,ex_src_p10_00524.txt
13,0.058617602,0.101996795,18.6996337,0.852635363,4.091283056,0.542055815,1.207639569,0.43547886,80.95212454,0.31702082,8.572637363,0.804709421,0,4.20E-06,6.53E-05,0.028205128,1.48E-05,0.002026002,8.21E-05,0.000520874,0.000126275,0.010540384,0.000338903,0.00515869,0.001566919,1,0.895031349,ex_src_p10_00524.txt
14,0.059705559,0.1303167,29.51794872,0.474180267,4.770326616,0.538666166,1.387769284,0.519390694,54.01435897,0.393547899,15.4145641,0.412725708,0,3.47E-06,0.00014655,0.045122631,0.00159114,0.003167797,2.51E-05,0.000276901,0.000178334,0.051860538,0.000665178,0.046488529,0.003439165,0.958690508,0.875794526,ex_src_p10_00524.txt
15,0.060181067,0.098317413,16.51748252,0.713162629,4.428450466,0.565294095,1.317104149,0.511845316,75.08755245,0.31909679,8.905839161,0.652161139,0,9.95E-07,4.95E-05,0.019300699,0.000692125,3.11E-05,1.82E-06,0.00039182,1.85E-05,0.065010578,0.000811143,0.00326289,0.000172809,1,0.852485993,ex_src_p10_00524.txt
16,0.056251963,0.116893521,25.29302326,0.508683104,4.463589555,0.510034673,1.297535859,0.484211695,65.32293023,0.317446457,13.17627907,0.428425891,0,2.62E-06,3.36E-05,0.024623803,0.002286693,0.001066256,0.000539351,0.0001181,0.000346338,0.025431349,0.000174734,0.007973804,0.001022516,1,0.857510956,ex_src_p10_00524.txt
17,0.058498254,0.111350492,19.95833333,0.547851054,4.345720251,0.547513964,1.286012526,0.497431313,72.051125,0.281099701,10.37941667,0.49143386,0,1.22E-05,4.28E-06,0.026515152,0.002064061,4.12E-05,0.00027986,0.00024901,3.52E-05,0.014690574,6.48E-05,0.016195513,0.000607416,1,0.863151601,ex_src_p10_00524.txt
18,0.059670981,0.107416421,26.8436019,0.785685306,4.693149718,0.590828637,1.424611582,0.561002418,54.51924171,0.57014264,14.71796209,0.58608369,0,1.31E-07,5.04E-06,0.005613069,0.000491977,0.000662107,0.00024933,2.48E-05,0.000317218,0.006231267,0.002388724,0.011765766,8.72E-05,1,0.86319051,ex_src_p10_00524.txt
19,0.057245049,0.103222349,17.64539007,0.642524121,3.980104502,0.475906143,1.160369775,0.377744381,84.78730496,0.193782405,7.786595745,0.612314189,0,1.34E-05,3.84E-05,0.027920191,0.000492188,0.004091829,0.000134338,0.000795307,0.002584974,0.077836879,0.002082936,0.003139355,7.15E-05,1,0.885031852,ex_src_p10_00524.txt
20,0.060462671,0.103430042,20.99598394,0.827485434,4.571729151,0.572823913,1.3513772,0.521797762,69.06634538,0.403484403,10.53180723,0.729000108,0,6.37E-07,3.43E-06,0.010338003,0.000237687,0.002855508,2.07E-05,0.000597395,1.69E-05,0.022676841,0.000399818,0.011835383,0.00018996,1,0.865602673,ex_src_p10_00524.txt
21,0.060150154,0.101590395,43.30597015,0.703999723,4.316043426,0.55992016,1.297087713,0.500514524,54.02791045,0.50631014,18.0211194,0.530535372,0,2.35E-06,1.56E-05,0.12648297,1.36E-05,0.001299748,3.31E-05,9.83E-05,0.000157555,0.038309064,0.000171056,0.130192072,0.001859642,0.957918372,0.896221556,ex_src_p10_00524.txt
22,0.058738994,0.106253913,17.58367347,0.824854968,4.01810585,0.529796971,1.218895079,0.430933635,87.90281633,0.310771652,7.726081633,0.828357161,0,1.42E-06,3.95E-05,0.02574664,4.87E-05,0.001546333,2.11E-05,0.000164208,5.31E-05,0.145234931,0.000491595,0.002933485,0.001498444,1,0.849811112,ex_src_p10_00524.txt
23,0.06019283,0.112064924,30.83050847,0.791394551,4.449331134,0.541034065,1.316107752,0.497310097,64.58881356,0.454061814,12.5659322,0.755379729,0,7.78E-06,8.38E-05,0.031807176,0.000490124,0.00031124,0.000141731,0.000604577,2.39E-05,0.019316522,4.34E-05,0.000803998,0.000739735,1,0.879955843,ex_src_p10_00524.txt
24,0.060705125,0.120008419,17.65506329,0.723476232,4.366732389,0.566493424,1.303997132,0.487270314,73.26113924,0.364720874,9.737531646,0.661406732,0,5.68E-07,6.43E-06,0.026893895,0.000253108,0.0016496,9.84E-06,0.000228937,0.000136441,0.04666379,1.30E-05,0.005713464,0.00043833,1,0.858974431,ex_src_p10_00524.txt
25,0.060743448,0.09723814,31.85517241,0.706983927,4.377354406,0.532488529,1.287291622,0.482744991,62.48427586,0.413275007,14.16924138,0.632069895,0,1.31E-06,0.000136276,0.12806781,0.000404681,0.001249121,1.63E-05,0.000264793,1.78E-05,0.01979825,0.000176195,0.023127635,1.52E-05,1,0.883251264,ex_src_p10_00524.txt
26,0.060700271,0.109282559,15.65294118,0.851588835,4.49210823,0.549371844,1.32375047,0.51288614,73.26394118,0.365920854,8.691705882,0.725410531,0,2.15E-06,2.76E-05,0.016099071,0.00066808,0.001055002,9.85E-06,6.39E-05,3.76E-05,0.043861854,5.15E-05,0.005913533,0.000684728,1,0.838056202,ex_src_p10_00524.txt
27,0.056727119,0.123262148,49.73195876,0.828449558,5.024461028,0.599145923,1.558872305,0.577476363,18.60639175,2.678857977,25.7942268,0.592412166,0,9.19E-07,6.33E-05,0.411958763,0.000691634,0.004353132,0.000522078,0.011497651,0.000292678,0.518682874,0.495686065,0.119022722,4.27E-05,1,0.888527161,ex_src_p10_00524.txt
28,0.059815091,0.100519776,14.82898551,0.757474311,4.052971071,0.506021171,1.196247068,0.422842227,85.22089855,0.255410968,7.691478261,0.713984177,0,3.11E-06,1.69E-05,0.031517153,0.000218149,0.003235156,7.16E-05,0.00011213,0.000256617,0.202262187,7.23E-05,0.005070652,0.000320593,1,0.847568364,ex_src_p10_00524.txt
29,0.059592576,0.102615498,24.78712871,0.699691225,4.206710605,0.582291715,1.274615538,0.493535587,68.65945545,0.371903777,12.12782178,0.621151594,0,7.90E-07,1.92E-05,0.001414427,5.14E-05,0.002458449,0.00028375,0.002171991,0.000240884,0.045244919,0.000514146,0.022058235,5.49E-05,1,0.889876194,ex_src_p10_00524.txt
30,0.05845763,0.114498227,24.27669903,0.560938719,4.189362128,0.541343948,1.229754049,0.457504634,75.83286408,0.232305525,10.45757282,0.495145355,0,8.19E-06,9.97E-06,0.030123687,0.000847002,0.000769995,4.30E-06,9.47E-05,7.71E-05,0.033179088,0.0016722,0.018315003,6.13E-05,1,0.888904686,ex_src_p10_00524.txt
31,0.05849415,0.113735165,24.6972973,0.942043101,4.586780477,0.595534185,1.402057343,0.562954359,61.71054054,0.558389075,13.73210811,0.728637937,0,8.05E-06,3.49E-05,0.001776777,0.000315278,0.000958555,0.000593641,0.000199811,0.000405532,0.033254331,0.00020275,0.006084012,0.000303278,1,0.867012614,ex_src_p10_00524.txt
32,0.060369929,0.105171173,15.92192192,0.777444717,4.52546209,0.568229205,1.361184459,0.515775169,75.23333333,0.348790794,8.72015015,0.722219849,0,9.82E-07,3.27E-06,0.006861461,5.43E-05,0.000496512,2.51E-05,9.00E-05,1.45E-06,0.000282486,0.000147434,0.022519381,0.000145993,1,0.869503022,ex_src_p10_00524.txt
33,0.06008014,0.114967104,24.4479638,0.53583789,4.455857857,0.542109669,1.308532297,0.481256258,68.96900452,0.278173681,11.89687783,0.468112858,0,5.84E-08,8.78E-05,0.043469419,0.000167638,0.001051664,6.40E-05,0.000147724,0.000223792,0.095927602,0.000282066,0.002328521,0.000172796,1,0.862760761,ex_src_p10_00524.txt
34,0.059634727,0.098832671,16.87258687,0.86798773,4.28215103,0.52028124,1.237757437,0.446037078,79.71042471,0.331996819,8.393204633,0.770202977,0,6.70E-06,7.45E-05,0.002083275,2.45E-05,0.000105337,0.000175476,0.000117852,0.000155456,0.079708661,0.001010451,0.004618245,0.000809309,1,0.826951557,ex_src_p10_00524.txt
35,0.060325853,0.106264943,24.77130045,0.841787625,4.385047067,0.533779764,1.270818248,0.480166278,70.74237668,0.401956399,11.63264574,0.781790819,0,3.78E-07,4.79E-05,0.00544679,8.79E-05,4.19E-05,8.88E-05,0.000104609,0.000271351,0.016770621,1.29E-05,0.028293888,8.70E-05,1,0.874193103,ex_src_p10_00524.txt
36,0.060845175,0.109394733,27.03314917,0.633640943,4.303290415,0.54116386,1.288575516,0.483405298,67.31480663,0.326159039,12.44685083,0.554972845,0,6.56E-06,1.98E-05,0.027499454,0.000110254,0.000950639,0.000175785,1.65E-05,2.77E-05,0.026143263,0.000245709,0.002955935,0.000747253,1,0.894817256,ex_src_p10_00524.txt
37,0.059938143,0.100503125,20.75728155,0.709467318,4.175397568,0.529570133,1.247895229,0.455445269,74.06898058,0.268999133,10.34669903,0.592210344,0,1.07E-06,3.28E-05,0.007141524,0.000120889,0.000252944,4.44E-05,0.00037675,6.09E-05,0.065778612,0.000782982,0.003782899,4.40E-05,1,0.875240228,ex_src_p10_00524.txt
38,0.057916888,0.116666263,24.84090909,0.72052028,4.462580055,0.584741463,1.371637694,0.557199622,58.95877273,0.423943046,13.70445455,0.576368064,0,4.65E-07,7.25E-06,0.017379679,0.00014248,0.000114417,7.53E-05,5.12E-05,0.000125335,0.00111233,0.000732688,0.001212121,5.84E-06,1,0.89338601,ex_src_p10_00524.txt
39,0.059391738,0.098685336,19.9137931,0.802097567,4.308225108,0.561825423,1.277489177,0.518660859,77.06521552,0.325863571,9.522844828,0.738804019,0,6.75E-07,5.88E-06,0.017002744,0.000812214,0.000681113,0.000138669,0.000175797,8.74E-06,0.029907434,6.68E-05,0.006765562,0.001127169,1,0.876892974,ex_src_p10_00524.txt
40,0.05719261,0.1169723,21.87826087,0.816342593,4.946740859,0.588392052,1.476351351,0.585290257,58.59352174,0.534891477,12.54008696,0.671710678,0,1.06E-05,0.000112373,0.025319693,0.000186366,0.000104179,0.000334327,0.000275596,0.000630458,0.01820259,0.001318004,0.003177866,0.000119581,1,0.884586738,ex_src_p10_00524.txt
41,0.061189163,0.107472075,16.69254658,0.739763159,4.542697674,0.562712091,1.337116279,0.521063584,73.0663354,0.374153312,9.502546584,0.667085018,0,1.44E-06,9.85E-07,0.016544325,3.83E-05,7.03E-05,2.14E-05,0.000301252,5.96E-05,0.005982477,8.58E-05,0.01163348,0.000354171,1,0.836479329,ex_src_p10_00524.txt
42,0.060590039,0.104216678,26.51234568,0.59313341,4.196973225,0.56528661,1.259138533,0.472862411,71.07092593,0.264614332,11.45839506,0.532625089,0,5.08E-07,5.26E-06,0.055059247,0.000383693,0.000847317,5.66E-06,0.000293734,0.000135526,0.023131217,0.000323928,0.003630356,0.000230075,0.945770796,0.869774376,ex_src_p10_00524.txt
43,0.058653333,0.106803517,24.62032086,0.776626243,4.31516073,0.580506244,1.32949609,0.517712303,73.18743316,0.387824795,11.16705882,0.730289086,0,6.07E-06,1.75E-05,0.013964859,0.000165756,0.000918459,0.000409602,0.000548722,0.000129308,0.036480774,0.000132578,0.002076623,6.00E-05,1,0.877301681,ex_src_p10_00524.txt
44,0.059375595,0.105909757,23.78974359,0.520164363,4.411726665,0.541749966,1.298124596,0.47323463,70.12969231,0.243393135,10.76841026,0.432547145,0,3.87E-06,2.03E-05,0.006238435,0.000697542,0.000390512,2.80E-05,7.59E-05,7.20E-05,0.000165512,0.001836364,0.001804196,0.003098738,0.955366799,0.862336107,ex_src_p10_00524.txt
45,0.058770399,0.119711911,28.78817734,0.721019889,4.528405202,0.589561963,1.406913073,0.554629054,52.00768473,0.50454068,15.69492611,0.55287689,0,3.72E-06,8.13E-05,0.002081083,0.000107575,0.000176779,0.000441944,6.37E-05,0.000441346,0.053444303,8.37E-05,0.061283724,0.001788643,1,0.893416183,ex_src_p10_00524.txt
46,0.059362159,0.110461667,25.02985075,0.658125211,4.336513616,0.560355436,1.316636852,0.513602532,67.54288557,0.371810094,12.2619403,0.568634417,0,7.75E-07,3.44E-05,0.007751299,0.000436835,0.000394338,0.000114656,7.55E-05,1.15E-05,0.035447761,0.00047643,0.010559701,0.000389339,1,0.883444775,ex_src_p10_00524.txt
47,0.059610888,0.105517754,34.0130719,0.559795726,4.636625673,0.56339894,1.397194466,0.546129636,48.5945098,0.479482835,17.04986928,0.458804645,0,2.13E-07,1.66E-05,0.046187364,0.000295991,0.00056667,1.15E-05,0.000566932,0.000120333,0.12066365,0.000716108,0.016872292,0.001527591,1,0.882389998,ex_src_p10_00524.txt
48,0.061078035,0.120309936,23.56542056,0.663964009,4.890541344,0.547987029,1.437834622,0.545752387,43.36724299,0.93847902,14.2103271,0.531766479,0,3.36E-06,1.09E-05,0.006672463,5.45E-05,0.000421121,5.90E-05,0.000284742,9.82E-05,0.295772882,0.003881638,0.011659652,0.000628534,1,0.87231742,ex_src_p10_00524.txt
49,0.058403824,0.090515935,22.4972067,0.66069387,4.224733052,0.544678641,1.262478272,0.492298737,76.38569832,0.30581601,10.86960894,0.607448261,0,8.52E-07,8.58E-06,0.010039673,0.000366004,0.000953156,2.16E-05,0.00026003,7.42E-05,0.053826178,0.000440701,0.002163213,0.000482673,1,0.862370503,ex_src_p10_00524.txt
50,0.0608246,0.11200946,44.71578947,0.5532574,4.74952919,0.535522095,1.371468927,0.519431433,40.31863158,0.681502054,21.02052632,0.45354513,0,8.27E-07,2.83E-05,0.462781955,7.34E-05,0.000214122,0.000128931,4.36E-05,0.000219072,0.671929169,0.001480477,0.540413855,0.000814406,0.950550946,0.89456782,ex_src_p10_00524.txt
51,0.057708538,0.120399804,25.68965517,0.615425002,4.615915628,0.548439989,1.376030681,0.517223882,57.93891626,0.404618846,13.72546798,0.50987,0,4.81E-05,7.90E-05,0.019134941,0.000406968,6.71E-05,7.78E-06,0.000391909,1.43E-05,0.000818097,9.49E-05,0.000556116,0.000336919,1,0.888019529,ex_src_p10_00524.txt
52,0.060058536,0.10805913,19.63309353,0.7178723,4.382191279,0.560709261,1.292231587,0.505712663,71.54694245,0.414902045,10.15215827,0.64126644,0,3.89E-08,7.10E-06,0.013006189,2.05E-05,0.000724418,4.81E-05,0.000105602,0.000132614,0.100132653,0.00021674,0.001580857,2.80E-05,1,0.851406724,ex_src_p10_00524.txt
53,0.060653455,0.111931348,22.55276382,0.511419022,4.729055258,0.533566733,1.353386809,0.51726898,62.34829146,0.329731102,12.46688442,0.413074202,0,2.41E-06,7.15E-06,0.002524585,0.005022611,0.000746656,3.64E-05,7.66E-06,5.94E-05,0.026403907,0.000206621,0.013057891,0.003787659,1,0.83565114,ex_src_p10_00524.txt
54,0.056886878,0.108449602,24.04672897,0.776674445,4.750485814,0.552188986,1.404974738,0.532655041,60.78813084,0.455390776,13.27228972,0.570122497,0,1.90E-08,2.12E-07,0.030154386,0.000117554,0.000555168,4.64E-05,2.68E-05,2.41E-06,0.031412538,0.001285605,0.037845275,0.000524741,1,0.871555043,ex_src_p10_00524.txt
55,0.059798597,0.112311114,23.85915493,0.559934289,4.712514758,0.574388231,1.399252263,0.563093652,56.81793427,0.378893695,13.89877934,0.447725561,0,1.70E-06,0.000196783,0.003089968,0.000157428,8.89E-05,1.22E-05,0.000290387,0.000544825,0.010871698,0.000696498,0.039243913,0.000495267,1,0.897478302,ex_src_p10_00524.txt
56,0.06058853,0.117195139,26.26900585,0.660145481,4.443900267,0.508490486,1.237310775,0.447478851,71.3802924,0.27356104,11.77163743,0.547848506,0,1.67E-07,2.18E-07,0.049834732,0.000176381,5.10E-05,0.000234369,0.000564514,0.000719682,0.005468277,0.00103723,0.005302075,0.001038097,1,0.872865516,ex_src_p10_00524.txt
57,0.059739952,0.110481655,19.02238806,0.66550063,4.129462534,0.574201077,1.24872499,0.495611965,75.84835821,0.269329124,10.01757463,0.555231799,0,9.64E-07,1.44E-05,0.00948445,0.000307672,0.002592828,0.000166063,0.000249018,0.000177247,0.017684957,0.001112973,0.006243458,0.000488299,1,0.856802555,ex_src_p10_00524.txt
58,0.060721049,0.110482893,32.92142857,0.799908645,4.602516815,0.54777729,1.334128878,0.503710459,55.1825,0.5357502,15.96785714,0.663897334,0,9.33E-07,1.32E-05,0.005723746,0.000722717,0.000297518,0.000150701,1.07E-05,3.19E-05,0.041449045,0.00045928,0.017317276,0.000295091,0.948091919,0.861361515,ex_src_p10_00524.txt
59,0.059474916,0.106569162,21.42168675,0.975750093,4.50056243,0.586606384,1.338582677,0.525422254,71.73710843,0.479654148,10.94550201,0.862797308,0,1.17E-06,1.45E-05,0.034894294,0.000161878,0.000255306,7.33E-05,0.000499892,4.14E-05,0.036749868,0.000544795,0.02127787,0.000153321,1,0.882496276,ex_src_p10_00524.txt
60,0.058571105,0.092598553,33.65891473,0.871753363,4.153615845,0.548202478,1.258175956,0.477256663,61.91170543,0.546010692,15.43403101,0.735588035,0,1.01E-05,5.90E-05,0.007751938,0.002359772,0.001619439,0.000193117,9.16E-05,7.41E-05,0.001236676,0.002246538,0.027021624,0.000175904,1,0.88615713,ex_src_p10_00524.txt
61,0.056976271,0.150600891,24.66216216,1.321882461,4.323561644,0.610581694,1.337808219,0.518834359,65.26675676,0.481886881,11.95324324,0.910016779,0,7.02E-05,0.000616883,0.009100938,0.00331282,0.00093191,0.000175328,0.000130626,9.87E-07,0.001959069,0.000287339,0.031687632,0.002134616,0.966406083,0.80754572,ex_src_p10_00524.txt
62,0.058465252,0.120300462,27.73684211,0.891579245,4.76401587,0.576528415,1.467828187,0.552259076,57.63521531,0.604883694,14.64210526,0.728859681,0,5.64E-07,2.04E-05,0.013157895,0.000426604,0.001269439,1.62E-05,0.001193758,0.000352645,0.099590311,0.000261184,0.013114863,0.000330386,1,0.828409423,ex_src_p10_00524.txt
63,0.06063376,0.109553842,23.87958115,0.670112294,4.591317693,0.537411073,1.330409998,0.506258444,67.95837696,0.372350611,12.01910995,0.612514911,0,2.06E-06,3.52E-06,0.016252182,0.00012313,0.000100217,9.02E-06,0.00026022,7.87E-05,0.204178592,6.73E-05,0.018291182,7.82E-05,1,0.854247396,ex_src_p10_00524.txt
64,0.058595686,0.116955986,27.91145833,0.600175986,4.552901661,0.561397628,1.378615413,0.537519938,56.44989583,0.423985546,14.60916667,0.506916271,0,4.08E-06,9.61E-05,0.008755631,0.000920543,0.00080246,6.95E-05,0.000169165,8.11E-06,0.009954313,0.000690189,0.003351852,0.000137785,1,0.879844523,ex_src_p10_00524.txt
65,0.059696828,0.107697522,15.30571429,0.494926379,3.870449879,0.463040365,1.133656898,0.34306855,91.36474286,0.150688489,6.744571429,0.499043321,0,2.28E-06,3.63E-05,0.031904762,0.001733074,0.00656099,0.002567717,0.000693139,0.001231072,0.018292556,0.004254936,0.015364111,0.000101389,1,0.835192286,ex_src_p10_00524.txt
66,0.057319959,0.088156384,22.30405405,0.743606046,4.232353832,0.533484303,1.274159346,0.460992204,73.13567568,0.317523887,10.92445946,0.687761556,0,1.12E-05,0.000395284,0.017685076,9.38E-05,0.000533073,4.60E-05,0.001715799,4.36E-05,0.015276705,9.73E-05,0.000235322,3.04E-05,1,0.859794727,ex_src_p10_00524.txt
67,0.060242645,0.102699554,25.84180791,0.645362159,4.709007433,0.571295417,1.442282466,0.573027361,52.89259887,0.469037451,14.62322034,0.509136168,0,9.63E-07,3.55E-05,0.024551537,0.000206547,0.000179246,8.71E-06,0.000819016,0.000971465,0.06884887,0.000634051,0.000387006,0.00039732,1,0.882399499,ex_src_p10_00524.txt
68,0.057968856,0.108611893,26.0913242,0.690585017,4.276863843,0.557853029,1.298039902,0.499641272,65.28246575,0.370201674,13.31625571,0.575145342,0,8.47E-06,1.08E-05,0.000908809,0.001094236,0.000473238,0.000104032,0.000160612,0.00016166,0.017668066,2.66E-05,0.03351702,3.70E-05,1,0.887251848,ex_src_p10_00524.txt
69,0.058868026,0.10985857,13.38424821,0.620757102,4.292439372,0.488669376,1.199714693,0.425927763,86.25792363,0.246091363,6.839713604,0.666844416,0,9.99E-07,1.02E-05,0.011274178,0.000899235,0.000438535,0.000211077,0.000931162,0.00136148,0.008191237,0.000861864,0.004953063,0.000589952,1,0.87322275,ex_src_p10_00524.txt
70,0.060915804,0.097652889,24.1728972,0.754867747,4.354919776,0.562268906,1.285327663,0.469129477,73.82154206,0.360929387,10.66738318,0.711443053,0,4.61E-07,4.84E-05,0.061786085,0.000210892,0.000381084,8.19E-05,0.000642978,0.000290694,0.049699053,0.000182564,0.013038915,0.000293074,1,0.866710677,ex_src_p10_00524.txt
71,0.059698601,0.102000116,28.76470588,0.676190587,4.563673545,0.545568943,1.330730619,0.51523071,62.54721925,0.390711289,13.3755615,0.594897894,0,3.49E-06,6.86E-05,0.021390374,0.000122861,0.000798707,4.77E-05,2.90E-06,4.29E-05,0.082741639,0.000530213,0.00808625,0.000419866,1,0.867079909,ex_src_p10_00524.txt
72,0.060554545,0.093170683,22.50595238,0.76832828,4.619941814,0.584501034,1.385083311,0.531267796,63.03964286,0.392925867,12.03535714,0.583885612,0,4.44E-06,6.51E-05,0.001293996,3.85E-05,0.000179585,0.000204403,0.000563905,7.49E-05,0.007982143,0.000685405,0.002043987,1.27E-05,1,0.881619377,ex_src_p10_00524.txt
73,0.059233264,0.114085402,28.79679144,0.872713286,4.537233055,0.54464505,1.328876509,0.513816207,66.97994652,0.462824926,12.17780749,0.778132856,0,3.03E-06,1.22E-05,0.010695187,0.001399849,8.01E-06,1.20E-05,7.09E-05,2.72E-05,0.009946524,0.00044231,0.003095948,0.000512868,1,0.897739461,ex_src_p10_00524.txt
74,0.059360516,0.103034762,37.52459016,0.98954545,4.601135867,0.552768383,1.375709917,0.513182717,53.00245902,0.41809086,15.80655738,0.471988346,0,8.67E-07,5.48E-05,0.214993169,0.000301457,0.000438346,0.000208685,0.000385242,4.34E-06,0.003625683,0.000668688,0.030811108,0.001092527,1,0.883285798,ex_src_p10_00524.txt
75,0.059410191,0.108801393,36.12612613,0.514706451,4.693516209,0.554779966,1.408478803,0.536638313,48.75333333,0.452855347,17.48432432,0.438125264,0,7.27E-06,1.77E-05,0.006126126,0.002766571,0.000295615,8.31E-05,0.000691041,1.96E-05,0.097145709,0.000500963,0.002657658,0.002442948,1,0.901534952,ex_src_p10_00524.txt
76,0.060738064,0.092909065,19.3984375,0.858476178,4.195126863,0.502495601,1.224728151,0.434336708,77.7084375,0.311137061,8.559960938,0.791394167,0,1.63E-06,4.03E-05,0.023976293,0.000162523,0.000712599,7.30E-05,0.000322067,0.000558652,0.023452264,0.000557989,0.008248399,0.000241201,1,0.875872534,ex_src_p10_00524.txt
77,0.059585708,0.129696758,44.89922481,0.642011503,4.773653315,0.569666054,1.423687845,0.548837347,35.42395349,0.890051007,22.4127907,0.501232667,0,6.08E-06,6.47E-06,0.279346622,2.04E-05,0.001570682,0.000220825,0.000259274,0.000108504,1.028139535,0.044461702,0.272422978,0.001082071,1,0.88543671,ex_src_p10_00524.txt
78,0.060230751,0.109728805,11.15284974,0.688776178,4.063646922,0.534302595,1.185598142,0.414705856,89.48715026,0.210594651,6.047305699,0.678547418,0,1.76E-06,5.91E-06,0.094540703,7.50E-05,0.000933902,6.42E-05,0.003447728,0.000169863,0.001594704,0.000451529,0.042533582,0.000745524,1,0.844782664,ex_src_p10_00524.txt
79,0.059939845,0.11383434,17.32218845,0.812673171,4.268117214,0.543777979,1.272153009,0.486047868,79.92276596,0.313451467,8.39556231,0.784888743,0,4.85E-07,4.84E-05,0.022521448,0.000626752,0.002008856,6.61E-05,1.79E-05,0.000394165,0.000708221,0.000159087,0.002260568,0.000541198,1,0.875018836,ex_src_p10_00524.txt
80,0.061484404,0.097382991,30.08988764,0.892591804,4.597460792,0.558579633,1.344846901,0.538406956,56.7058427,0.687403807,15.00292135,0.782549104,0,1.27E-05,8.58E-06,0.010417442,0.000585955,0.000171196,1.04E-05,0.000568867,7.34E-05,0.06919295,0.001118778,0.000787202,0.000584648,1,0.85247617,ex_src_p10_00524.txt
81,0.059343169,0.12139861,40.94615385,0.515138706,4.664662784,0.570161618,1.401841067,0.544510448,46.72938462,0.577938379,18.65838462,0.473790716,0,4.67E-06,4.49E-05,0.214010989,0.002334316,0.000581433,0.000107389,0.000262812,0.000178797,0.213294872,0.000973368,0.185115385,0.000108004,1,0.913047974,ex_src_p10_00524.txt
82,0.06007229,0.113807861,25.1319797,0.640631847,4.274490002,0.541058669,1.280145425,0.48269798,68.1157868,0.329984198,12.29568528,0.552464085,0,4.13E-06,2.20E-05,0.018343332,0.000863371,0.000315053,0.000166335,3.52E-05,2.92E-05,0.046768754,4.65E-05,0.00875845,0.001375838,1,0.892480023,ex_src_p10_00524.txt
83,0.059331967,0.11679757,20.55673759,0.595545206,4.867000173,0.535535657,1.424874935,0.543181282,58.36322695,0.408186187,12.50368794,0.476203275,0,6.53E-06,4.98E-05,0.021758165,0.000124361,9.42E-05,0.000142493,2.71E-05,0.000122476,0.010715102,0.000401999,0.006905277,0.001424753,1,0.877378741,ex_src_p10_00524.txt
84,0.060848283,0.099290514,22.14215686,0.624104139,4.692937791,0.553934913,1.376355988,0.514854313,62.25946078,0.355392871,12.16264706,0.532308543,0,3.45E-06,4.11E-05,0.012314682,0.000401451,0.000874034,2.50E-05,6.66E-05,9.99E-05,0.009295949,0.000359601,0.01206448,8.65E-05,1,0.871147685,ex_src_p10_00524.txt
85,0.060105384,0.114267715,29.37113402,1.102603342,4.751842752,0.555772034,1.411547912,0.556180131,51.73608247,0.701172738,15.70850515,0.738067091,0,1.05E-06,3.33E-05,0.005489356,0.001453829,0.00080177,7.22E-05,0.001536225,0.000129166,0.055080316,0.002149227,0.067241114,0.000620465,1,0.88941403,ex_src_p10_00524.txt
86,0.060413769,0.105779658,18.4006734,0.716727377,4.436962489,0.578942236,1.328453797,0.526492877,70.03262626,0.39136842,10.28215488,0.641161449,0,5.70E-07,8.15E-06,0.000153046,0.00014409,0.001752105,0.000197887,4.02E-05,5.42E-06,0.032310446,0.00020648,0.001098278,7.70E-05,1,0.867788525,ex_src_p10_00524.txt
87,0.059821743,0.112155756,34.45522388,0.622372884,4.65995235,0.585707413,1.427117176,0.567625673,45.26097015,0.600982734,17.90902985,0.49229371,0,1.32E-06,0.000174593,0.008828407,4.19E-05,0.001832692,0.00026524,0.001162906,0.000593408,0.354654851,0.000777618,0.029814164,8.44E-05,1,0.893034923,ex_src_p10_00524.txt
88,0.060728497,0.100790372,21.64573991,0.866622107,4.280919826,0.519099627,1.253780816,0.473625008,78.41834081,0.374629246,9.436860987,0.806372038,0,4.97E-08,2.47E-06,0.009298849,0.000389933,0.001336541,8.94E-05,0.000630948,0.000316558,0.004669397,0.000561686,0.000561236,9.57E-05,1,0.846708654,ex_src_p10_00524.txt
89,0.061228025,0.096234765,19.51229508,0.987788075,4.336693972,0.516441257,1.262759924,0.462837734,77.3792623,0.447015868,9.517540984,0.937589204,0,7.67E-07,4.18E-05,0.007790577,0.001361312,0.000213982,0.000108452,2.16E-05,0.000756076,0.012884342,0.000263853,0.003360919,0.000474474,1,0.819475187,ex_src_p10_00524.txt
90,0.059663706,0.121573474,39.73387097,0.493987525,4.319464177,0.582740981,1.32149381,0.524912378,49.35225806,0.47901917,19.08153226,0.409092544,0,7.14E-06,3.07E-06,0.089426523,0.00079422,0.000114944,6.14E-05,0.000118693,0.000140818,0.127190497,0.001179773,0.059087814,0.000193999,0.957465529,0.903672824,ex_src_p10_00524.txt
91,0.059246099,0.105983215,21.22943723,0.636159321,4.264681892,0.496495839,1.219208809,0.410995937,78.204329,0.280689227,9.671948052,0.636605303,0,5.85E-07,5.31E-05,0.014041031,0.000440838,0.000136463,0.000256995,1.87E-05,0.000819184,0.019434267,4.16E-05,0.000511882,9.14E-05,1,0.856309804,ex_src_p10_00524.txt
92,0.057995693,0.09599915,13.72759857,0.856293855,4.478067885,0.576295502,1.377023499,0.558532922,63.74985663,1.025244852,9.463046595,0.846974854,0,1.62E-05,2.83E-05,0.002879465,0.000445917,0.000317017,2.63E-06,1.51E-05,8.69E-05,0.010738984,0.006649518,0.000234095,0.00041844,1,0.874981223,ex_src_p10_00524.txt
93,0.060114442,0.106618393,23.36363636,0.838194073,4.325610187,0.542207782,1.258577998,0.481450171,72.69140496,0.361102165,11.20644628,0.708482138,0,6.58E-06,3.38E-05,0.000891266,0.000479304,0.001116633,3.41E-05,0.000117968,2.99E-05,0.008745795,0.000355343,0.022803897,0.001141398,1,0.882535654,ex_src_p10_00524.txt
94,0.060216595,0.091796941,17.63967611,1.289438812,4.00803305,0.513402563,1.172136791,0.417796452,88.40902834,0.325749799,7.403360324,1.251967802,0,4.87E-06,1.59E-06,0.022206234,0.004243497,0.002302889,8.80E-05,4.24E-05,0.000631937,0.298066416,4.70E-05,0.006218623,0.001923536,1,0.836153217,ex_src_p10_00524.txt
95,0.060455587,0.098777463,22.95897436,0.642563747,4.643064552,0.561537181,1.372794282,0.517645774,62.67815385,0.347377684,12.7205641,0.495430456,0,1.77E-06,4.65E-05,0.000859176,0.000520794,0.000613609,7.00E-05,0.000150924,6.28E-05,0.116391608,0.000637896,0.006180083,0.000346356,1,0.84090067,ex_src_p10_00524.txt
96,0.058673936,0.108677949,20.67692308,0.609753266,4.53608631,0.563857116,1.366629464,0.537830974,67.87834615,0.326414989,11.01296154,0.530017382,0,6.17E-09,9.13E-06,0.053138273,0.000202972,0.00055165,7.79E-05,0.000703719,0.000210593,0.179462905,1.02E-05,0.017183761,0.002377631,1,0.878964208,ex_src_p10_00524.txt
97,0.058700677,0.112464036,21.5037594,0.873565485,4.187412587,0.558430882,1.245629371,0.484098131,79.75552632,0.32376584,9.838233083,0.777960669,0,1.21E-05,4.39E-05,0.025498529,0.00054765,0.000373599,4.60E-06,3.77E-05,0.000283115,0.100581279,4.67E-05,0.005398993,0.000685054,1,0.874639736,ex_src_p10_00524.txt
98,0.060489809,0.102725859,30.32857143,0.65385577,4.276731041,0.50620085,1.230569948,0.446051651,66.76507143,0.362394196,13.64628571,0.620523425,0,8.84E-07,1.77E-05,0.043803217,0.001366465,0.000340435,0.000214821,0.000264993,0.000170029,0.020914966,2.75E-05,0.008597272,8.18E-05,1,0.880657464,ex_src_p10_00524.txt
99,0.059702578,0.106526061,13.23404255,0.725812579,4.163585209,0.555649734,1.253818328,0.495993485,83.95191489,0.289977347,7.237340426,0.74959788,0,4.91E-07,5.78E-06,0.013770858,8.12E-05,0.000814145,8.72E-06,0.000593437,0.000203598,0.012829348,0.000185008,0.015366741,0.000641041,1,0.869237858,ex_src_p10_00524.txt
100,0.060579041,0.101137386,18.14068441,0.688052459,4.233494026,0.5793439,1.297421924,0.513659427,74.13680608,0.311640712,9.912281369,0.599248442,0,1.63E-07,3.01E-05,0.003645486,0.000532786,0.000607122,7.92E-05,8.37E-05,2.45E-05,0.133604113,5.43E-05,0.001826515,0.000414707,1,0.877143062,ex_src_p10_00524.txt
101,0.060386906,0.101742788,18.4717608,0.826667072,4.284892086,0.553343092,1.270863309,0.497890836,74.10594684,0.3975739,9.771428571,0.742157863,0,9.02E-07,1.29E-06,0.006816148,0.000580675,0.001715493,6.87E-06,5.95E-05,0.000359843,0.102744873,0.00056119,0.012393822,0.000356335,1,0.869709546,ex_src_p10_00524.txt
102,0.05752082,0.097098541,17.93046358,0.974408633,3.634903047,0.521117232,1.125577101,0.377298922,90.14043046,0.254848301,7.31807947,0.961146207,0,2.92E-07,0.000168878,0.001002995,0.000346202,0.069969243,2.76E-05,0.000228313,0.002139515,0.232574856,0.000634959,0.007813387,0.000770622,1,0.894219503,ex_src_p10_00524.txt
103,0.060867226,0.104318167,27.03030303,0.634346501,4.432511211,0.535382159,1.288789238,0.48325758,67.06563636,0.338177699,12.69909091,0.532327357,0,7.98E-07,1.79E-05,0.024653313,0.000279231,0.000658556,1.10E-05,8.12E-05,8.23E-05,0.01390167,0.000223733,0.003747772,6.77E-05,1,0.87242561,ex_src_p10_00524.txt
104,0.059335052,0.115411644,35.09848485,0.573213108,4.69199223,0.566440805,1.42240449,0.572880341,44.78643939,0.619979021,18.87121212,0.472803988,0,3.45E-06,8.05E-06,0.076011796,0.002385062,0.00055557,1.03E-05,0.000903797,0.000824445,0.551475365,0.00036231,0.027712121,0.001094732,1,0.892905653,ex_src_p10_00524.txt
105,0.060608832,0.111922726,26.33492823,0.609929935,4.356649709,0.517015939,1.262354651,0.452408723,68.58368421,0.308695874,12.42641148,0.542299643,0,2.58E-06,1.58E-05,0.01608765,2.63E-05,0.000101173,0.000144921,0.000206764,6.56E-05,0.030526316,0.000233412,0.002897027,0.000224005,1,0.880481839,ex_src_p10_00524.txt
106,0.059837725,0.119425607,35.86046512,0.81278125,4.598140942,0.551515831,1.347816688,0.519429821,56.86581395,0.696285589,16.75906977,0.738714298,0,6.15E-06,0.000302397,0.001090116,0.000734831,0.000508955,4.70E-05,9.40E-06,0.00021746,0.011152339,0.001532089,0.055330233,0.00121689,1,0.885910899,ex_src_p10_00524.txt
107,0.058436406,0.10654262,23.148,0.742107442,4.190254018,0.55794708,1.260584068,0.478217133,71.05208,0.358448553,11.2686,0.623768772,0,1.72E-06,1.08E-05,0.008465116,0.000412929,0.000121895,9.98E-06,0.000770185,0.000134304,0.025727059,1.15E-05,0.002260714,0.000338126,1,0.894016014,ex_src_p10_00524.txt
108,0.059172679,0.117883475,28.33757962,0.584304503,4.90155091,0.596019689,1.486850978,0.5990413,45.22968153,0.550950874,16.44942675,0.437817781,0,1.26E-06,5.05E-05,0.019563239,4.31E-05,0.000290033,0.001079145,2.09E-05,0.000724045,0.385943471,0.000176482,0.022694725,0.00275043,0.955252878,0.887297764,ex_src_p10_00524.txt
109,0.060297388,0.11101332,24.35294118,0.699639824,4.890206412,0.566184639,1.4828722,0.572069578,48.91967914,0.475790624,14.81855615,0.518647191,0,7.19E-07,2.15E-05,0.017834793,0.000102791,0.000756054,0.000108336,0.003448389,1.37E-05,0.069200102,0.000339208,0.010213904,0.001214943,1,0.891759123,ex_src_p10_00524.txt
110,0.060573774,0.10695065,25.90686275,0.587706371,4.660548723,0.539476273,1.327341533,0.510823739,62.87955882,0.337677512,13.34357843,0.488677428,0,1.28E-06,3.49E-05,0.002607426,0.000617132,0.001514363,0.000252593,3.44E-05,7.86E-06,0.085013369,0.000171833,0.006194296,0.000120787,0.956932313,0.868329393,ex_src_p10_00524.txt
111,0.058941076,0.116261585,26.14732143,0.654567019,4.692846167,0.575632777,1.442035172,0.560080779,55.62803571,0.523846696,14.59696429,0.521719841,0,2.39E-06,2.15E-05,0.011226754,0.001080006,0.000965657,1.83E-05,0.001066311,0.000285152,0.126323386,0.000320907,0.005305985,0.000350052,1,0.86164866,ex_src_p10_00524.txt
112,0.058776172,0.115347351,28.11258278,0.751916525,4.949352179,0.598501054,1.539929329,0.589859145,45.39860927,0.601107807,16.53622517,0.437340249,0,9.49E-06,1.33E-06,0.061112193,0.001036797,0.000904088,0.000122791,0.007016141,0.004141321,0.217015728,0.000795445,0.060714054,0.003227962,0.947628797,0.884752421,ex_src_p10_00524.txt
113,0.060588104,0.106236665,21.24,0.705181919,4.486084955,0.549131873,1.340029295,0.52178989,66.88702222,0.359888201,11.80053333,0.562886905,0,2.59E-07,2.22E-05,0.003478261,0.000642451,4.82E-06,0.000220424,2.17E-05,2.47E-05,0.003430266,8.85E-05,0.023074317,0.000624893,1,0.84777112,ex_src_p10_00524.txt
114,0.058534035,0.101581285,31.33333333,0.818556229,4.245090016,0.5648719,1.276595745,0.502573505,61.53961538,0.481397895,14.79717949,0.701103651,0,2.08E-05,6.45E-06,0.06235012,0.000883089,9.26E-05,7.11E-05,0.000416583,0.000313798,0.036914027,0.000201648,0.009211573,0.000141642,1,0.896966504,ex_src_p10_00524.txt
115,0.06055131,0.106139354,26.93333333,0.605866886,4.596534653,0.565217463,1.374143184,0.53152646,60.70887179,0.415381734,13.59707692,0.541663169,0,1.20E-06,1.73E-05,0.012449799,0.000258738,0.001016058,9.66E-07,7.79E-05,2.37E-05,0.110671584,0.00040385,0.007614435,7.80E-05,1,0.876348296,ex_src_p10_00524.txt
116,0.059367032,0.09940403,16.9755102,0.697011994,4.503245973,0.528120157,1.296946381,0.49067003,77.58432653,0.302784914,8.793102041,0.665364314,0,4.70E-06,2.94E-05,0.019757992,0.000252499,0.002164594,3.56E-05,4.30E-05,0.000404247,0.01700865,0.000554864,0.006346316,0.000641808,1,0.839702374,ex_src_p10_00524.txt
117,0.058397166,0.1148989,20.75985663,0.690036927,4.103936464,0.594190473,1.267783149,0.536113678,74.69336918,0.403965182,10.41827957,0.694779528,0,5.81E-06,0.000155969,0.004566446,0.000546146,0.004331721,0.000274036,4.77E-05,7.79E-05,0.062177123,8.10E-05,0.010751053,0.000454432,1,0.8966887,ex_src_p10_00524.txt
118,0.060611471,0.111799312,27.00526316,0.548116338,4.754628727,0.550062038,1.381991814,0.516796955,58.546,0.333113261,13.87873684,0.441418303,0,6.07E-08,2.85E-05,0.00038656,0.002329346,0.000936113,2.70E-05,0.000226334,8.16E-07,0.004834356,0.00017867,0.048291298,0.000850092,1,0.87048146,ex_src_p10_00524.txt
119,0.059282465,0.105104269,14.43333333,0.749763282,3.908198614,0.497147536,1.158198614,0.366838339,90.49266667,0.212827179,6.411194444,0.736320833,0,1.26E-06,6.53E-06,0.02286002,2.68E-05,0.004294298,0.000908692,0.001375854,0.001155832,0.119661348,0.000842382,0.006178051,0.000656775,1,0.859742901,ex_src_p10_00524.txt
120,0.059167919,0.102724907,15.62126246,0.914551006,4.487026797,0.516009973,1.298383667,0.47737396,79.2517608,0.335938279,7.998504983,0.856671035,0,1.33E-06,1.87E-05,0.007626095,0.00049825,6.19E-05,0.000214782,0.000183152,4.32E-05,0.082370782,0.000151494,0.00152469,0.001500021,1,0.868398204,ex_src_p10_00524.txt
121,0.054713317,0.115291675,23.85217391,0.647806941,4.417061611,0.524452061,1.242253008,0.490526453,73.28021739,0.319266354,10.73734783,0.632958672,0,0.00014833,2.52E-05,0.010070985,9.59E-05,4.37E-05,6.32E-05,0.000294719,0.000260671,0.027585639,0.000641579,0.029241321,3.55E-05,1,0.886116341,ex_src_p10_00524.txt
122,0.060833928,0.109923493,18.92446043,0.6718131,4.589051511,0.529110668,1.331685991,0.492849019,70.34730216,0.327653054,9.920071942,0.624205196,0,1.58E-06,3.61E-06,0.039825283,0.0003347,1.64E-05,4.84E-05,9.49E-05,7.15E-05,0.015777995,0.000308829,0.005964059,5.20E-05,1,0.850710463,ex_src_p10_00524.txt
123,0.060607205,0.109006683,27.27142857,0.783004744,4.476689366,0.581057187,1.336301729,0.536017143,65.6417619,0.455258887,12.67038095,0.678749333,0,4.20E-06,1.28E-05,0.014285714,6.49E-05,0.000199849,2.35E-06,6.03E-05,1.87E-05,0.017644036,0.001153716,0.002464286,0.00094744,1,0.879239639,ex_src_p10_00524.txt
124,0.060187665,0.112244183,30.07514451,0.662536386,4.589659812,0.590052492,1.374591582,0.543022216,62.92115607,0.48123451,12.38543353,0.63036966,0,2.61E-06,0.00026302,0.00432569,0.001373113,0.000204492,0.000526816,0.00017765,3.66E-05,0.061933818,0.000365033,0.004828254,0.000153532,1,0.857005361,ex_src_p10_00524.txt
125,0.059138562,0.099999374,16.0273224,0.700818171,4.007330378,0.538817937,1.207466758,0.423031096,84.3373224,0.24741034,7.573797814,0.676335509,0,2.69E-06,2.09E-05,0.017505182,0.000454025,0.001600217,1.17E-05,0.000522313,0.000238276,0.020951707,5.57E-05,0.006044728,0.000252178,1,0.882955137,ex_src_p10_00524.txt
126,0.059620555,0.110389285,24.3487395,0.57285479,4.14529767,0.527455866,1.223986195,0.453215563,73.65794118,0.256408335,11.4089916,0.504592467,0,6.97E-07,0.000105161,0.013633113,0.002026744,0.00189048,0.000300914,0.000223842,0.000630609,0.113901827,0.000810502,0.000179715,0.00070742,1,0.881375497,ex_src_p10_00524.txt
127,0.058122111,0.127548682,33.06024096,0.509211863,4.368622449,0.533934616,1.284985423,0.487127377,61.94319277,0.35890076,15.26716867,0.477155042,0,1.77E-05,5.03E-05,0.041453951,0.002815452,0.00024046,0.000119145,0.000300738,8.52E-05,0.032724021,0.000286603,0.012677149,0.000472986,1,0.892718536,ex_src_p10_00524.txt
128,0.061163903,0.096951006,28.33526012,0.901398824,4.485516116,0.532062071,1.288045696,0.506365619,64.83855491,0.469094839,12.95947977,0.76477129,0,1.43E-06,2.13E-05,0.021882742,0.000924755,0.000178872,0.000101242,2.81E-05,0.000185912,0.018120131,0.000691439,0.003390383,0.000377142,1,0.859278589,ex_src_p10_00524.txt
129,0.057715624,0.119780864,27.21078431,0.775543514,4.375788146,0.583080845,1.321383534,0.531367839,62.01916667,0.458246435,14.0479902,0.641599211,0,5.51E-05,1.24E-05,0.016938459,0.000105391,6.14E-05,1.40E-05,0.000228968,3.16E-05,0.032548309,0.000389475,0.008802379,0.000331482,1,0.889076128,ex_src_p10_00524.txt
130,0.059057476,0.093893235,21.41463415,0.867153081,3.86294609,0.544948983,1.163819286,0.431024284,79.7702439,0.343058964,9.877357724,0.817614563,0,1.83E-06,0.000134433,0.027841694,0.000141041,0.000942799,8.53E-05,0.001337101,0.000143716,0.085863692,0.00038346,0.001324174,0.001486406,1,0.868725418,ex_src_p10_00524.txt
131,0.055772294,0.174391997,17.65895954,1.697025085,4.218657938,0.61251002,1.3400982,0.515445325,72.85722543,0.358067194,8.918612717,0.890373339,0,2.56E-06,0.000518934,0.022997649,0.025565479,0.000121627,0.000232482,9.06E-05,4.17E-05,0.011693519,5.56E-05,0.006744426,0.000342058,0.9532146,0.79712024,ex_src_p10_00524.txt
132,0.057500271,0.101326729,13.01662708,0.659564938,3.742883212,0.487497143,1.125547445,0.356762754,95.89083135,0.166890232,5.593016627,0.68002665,0,4.73E-07,1.73E-06,0.008429869,0.000404163,0.001179553,8.44E-05,0.000198658,0.001654745,1.289978963,0.009071983,0.134859479,0.000500605,1,0.860244592,ex_src_p10_00524.txt
133,0.059060046,0.10547106,21.59307359,0.618091236,4.175621492,0.502153518,1.209302326,0.430753836,76.70645022,0.233522477,10.05601732,0.555735216,0,1.65E-06,3.48E-05,0.002712147,0.001500779,0.000476868,4.56E-05,0.000289558,0.000126731,0.088529727,0.000455247,0.007518398,1.51E-05,1,0.859223375,ex_src_p10_00524.txt
134,0.060734587,0.100380279,18.08474576,0.830944452,4.062324274,0.511805073,1.203139644,0.440880803,83.45110169,0.273789131,8.525889831,0.769058399,0,2.09E-07,5.98E-06,0.000439422,0.000314409,0.000388746,0.000287268,0.000514265,0.00014808,0.005976957,0.000985674,0.006546547,0.000335269,1,0.874688837,ex_src_p10_00524.txt
135,0.05905938,0.097283197,18.53813559,0.660014991,4.079085714,0.520459067,1.209828571,0.429518089,82.68991525,0.23752265,8.01559322,0.642402709,0,2.31E-06,9.12E-05,0.005074283,4.59E-05,0.001360101,0.000115818,0.000173692,0.00104776,0.179049332,0.000380385,0.015563547,6.24E-05,1,0.890992171,ex_src_p10_00524.txt
136,0.060352501,0.109699084,30.23783784,0.595248555,4.418841616,0.562555386,1.338577047,0.525956205,58.03843243,0.36908845,15.14994595,0.463709728,0,3.32E-06,1.11E-05,0.046930374,0.00017229,0.000882254,2.88E-06,0.000505522,3.62E-05,0.011505058,0.000213826,0.019686407,0.000547155,0.951631276,0.887595739,ex_src_p10_00524.txt
137,0.060622124,0.112324669,18.60726073,0.69135039,4.26534232,0.551617134,1.294075913,0.497454503,75.63092409,0.296887792,9.400693069,0.592506652,0,3.01E-06,0.000183229,0.006299188,0.000468934,0.000122627,0.000104048,0.000513392,5.84E-05,0.012035204,0.000138744,0.036729153,0.000137216,1,0.876642688,ex_src_p10_00524.txt
138,0.058958852,0.097091611,21.23444976,0.653189876,3.869085174,0.493361974,1.156602073,0.372587741,82.78454545,0.223580675,8.652344498,0.641558957,0,8.05E-06,0.000161949,0.0090285,0.000700571,0.005196285,0.000964317,0.001960849,0.001662999,0.197766684,0.000397359,0.004861852,0.000320514,1,0.873298618,ex_src_p10_00524.txt
139,0.058637022,0.098281771,19.87793427,0.608749285,4.134152102,0.478574099,1.190599906,0.412083692,82.07408451,0.217905859,8.77056338,0.593577917,0,4.30E-06,1.39E-05,0.016226312,0.000893496,0.001929547,0.000409683,0.000115446,0.000204734,0.003415493,0.003934968,0.000290653,0.000604588,1,0.895819334,ex_src_p10_00524.txt
140,0.058792438,0.1106812,24.53125,0.63937582,4.458386412,0.591858561,1.381528662,0.556638045,61.21901042,0.377363547,13.19182292,0.516246352,0,7.74E-06,6.26E-06,0.002752591,0.000226382,0.001003138,0.000180629,7.95E-05,0.000436242,0.007069985,0.00045315,0.007570043,6.21E-05,1,0.893304768,ex_src_p10_00524.txt
141,0.055697286,0.11024834,49.44086022,2.834584127,4.377990431,0.503537013,1.296868204,0.482691822,27.82032258,5.030678736,25.24086022,2.179203735,0,7.76E-05,6.20E-06,0.120860215,0.841917491,0.001885146,7.26E-05,4.19E-05,3.54E-05,0.853281764,2.847506824,0.434343867,0.551912071,1,0.766286179,ex_src_p10_00524.txt
142,0.060090625,0.109061072,17.4517134,0.630298445,4.478400571,0.536091314,1.303998572,0.493433806,74.16211838,0.315964531,9.205046729,0.610255408,0,3.05E-06,4.09E-05,0.016300072,0.000580066,1.57E-05,0.000234138,0.000227497,0.000139102,0.140712389,0.000717386,0.009883093,0.000852105,1,0.849914238,ex_src_p10_00524.txt
143,0.058261499,0.107653938,24.14522822,0.699177899,4.094689809,0.491291718,1.180271524,0.391414005,77.65128631,0.280346622,10.54439834,0.660559876,0,1.39E-06,5.09E-05,0.034117105,0.000564716,0.000510158,7.67E-05,3.90E-05,0.003313974,0.014904169,0.000384216,0.000755729,0.000136809,1,0.883489524,ex_src_p10_00524.txt
144,0.062026119,0.090383167,34.65942029,0.633125636,4.384904871,0.481151056,1.248379678,0.440885752,61.63847826,0.391548417,15.39797101,0.55354672,0,0.000153588,1.06E-05,0.009498629,0.000625561,0.000184048,0.00048862,0.00059433,0.000143132,0.041973836,2.65E-05,0.040848712,0.002173378,0.951216527,0.875085681,ex_src_p10_00524.txt
145,0.059629331,0.114041201,13.33255814,0.749166103,4.08895866,0.48512391,1.161869876,0.397652811,90.10218605,0.252197185,6.310604651,0.780198162,0,9.47E-06,3.20E-05,0.002174659,0.000317067,0.004350397,0.000729662,0.002295408,0.000791164,0.270819273,0.003286074,0.016747534,0.000153985,1,0.856082001,ex_src_p10_00524.txt
146,0.058837048,0.111923405,30.49375,0.642285979,4.352736216,0.536348735,1.289813486,0.473291767,65.0175625,0.366805747,13.8121875,0.557263666,0,4.57E-06,1.51E-05,0.01375,0.000254047,0.000626518,6.49E-06,4.77E-06,1.49E-05,0.050865173,0.000709935,0.010676578,0.000790449,1,0.887310324,ex_src_p10_00524.txt
147,0.060222091,0.106653848,38.4084507,0.73004768,4.940410708,0.565774631,1.457645765,0.561203,45.12485915,0.597663635,18.02830986,0.456843344,0,1.68E-07,1.65E-06,0.405108618,9.16E-05,0.006225972,6.58E-07,0.001494851,0.000116636,0.490765845,0.002541481,0.123001616,0.000100917,1,0.863915487,ex_src_p10_00524.txt
148,0.060762326,0.11181882,30.5819209,0.467818241,4.536670977,0.541408417,1.330131166,0.516114998,60.14610169,0.341281581,14.30282486,0.419060465,0,8.17E-07,4.80E-05,0.009552483,0.002463758,0.000554065,6.76E-05,6.92E-05,3.24E-05,0.010509875,4.48E-05,0.007175141,0.000333108,0.953866343,0.885789322,ex_src_p10_00524.txt
149,0.059841616,0.097942134,21.61674009,0.777667658,4.229264316,0.517827321,1.230079478,0.464684412,75.08682819,0.330926286,10.34281938,0.714739128,0,5.61E-06,1.76E-05,0.026378642,0.000277242,0.00034402,0.000207772,7.09E-05,9.27E-05,0.065734831,6.01E-05,0.007662544,2.67E-05,1,0.87428261,ex_src_p10_00524.txt
150,0.059254316,0.125702888,40.325,0.776205065,4.448233106,0.586972553,1.347179169,0.527394216,48.43566667,0.75816152,19.261,0.655733477,0,1.29E-06,5.50E-06,0.407142857,4.04E-06,0.000782211,0.000292852,0.000197414,3.42E-05,0.038179487,0.00969673,0.007012821,0.000324406,1,0.884167517,ex_src_p10_00524.txt
151,0.060235769,0.097366366,22.81818182,0.794882471,4.137536809,0.523755364,1.218950286,0.443771886,78.82778656,0.323882281,10.39035573,0.732977549,0,1.59E-06,8.05E-06,0.002230898,0.000433482,0.000146033,7.77E-05,0.000219415,0.000136003,0.007786561,0.000163177,0.017172786,0.000945372,1,0.888227274,ex_src_p10_00524.txt
152,0.059394276,0.101050806,25.62424242,0.747200149,4.309129612,0.557890334,1.299432356,0.490117934,66.30272727,0.358935888,12.46472727,0.645834776,0,1.86E-06,9.53E-06,0.002503294,5.28E-05,0.00022339,6.67E-05,0.000334365,2.13E-05,0.013581452,0.000251475,0.010900742,0.000647578,1,0.875841453,ex_src_p10_00524.txt
153,0.058942305,0.097252272,30.18796992,0.640971636,4.62864259,0.55777267,1.411955168,0.534015315,52.44601504,0.473267612,15.60195489,0.517538519,0,3.62E-06,0.000122144,0.041077269,0.001060297,5.34E-05,9.35E-05,0.00156052,0.000220841,0.025464579,0.000125134,0.02988967,0.001354298,1,0.885892076,ex_src_p10_00524.txt
154,0.060424985,0.118742054,23.42325581,0.578660344,4.992851469,0.571379819,1.501985703,0.58008597,46.33516279,0.465490955,15.22865116,0.385741967,0,2.60E-06,3.32E-05,0.007047216,0.000317898,0.008972622,7.57E-05,0.000512114,0.00013274,0.06589311,0.000752894,0.002101455,0.002927249,0.961793166,0.895267628,ex_src_p10_00524.txt
155,0.060914061,0.097459591,24.7606383,0.749282702,4.558754028,0.555976354,1.34887218,0.516269725,62.18680851,0.422047231,13.06946809,0.617419616,0,2.20E-06,8.52E-05,0.005215361,0.000200468,0.000167869,0.000110282,0.000248327,0.000187114,0.006752013,0.000307903,0.003645863,0.000113708,1,0.875005945,ex_src_p10_00524.txt
156,0.059148821,0.116013143,22.74038462,1.036341382,4.249471459,0.537574886,1.242706131,0.47805485,75.10701923,0.436974315,10.45120192,0.982017343,0,4.67E-06,5.36E-05,0.003417038,0.000578373,0.001278263,0.000149337,0.000190101,2.80E-05,0.045543794,0.000281363,0.011944111,0.001918226,1,0.877012353,ex_src_p10_00524.txt
157,0.059952007,0.114523339,28.48447205,0.532207498,4.69472307,0.555803814,1.403183602,0.538409781,57.0057764,0.423397697,14.27888199,0.471794627,0,5.97E-07,1.51E-05,0.020703934,0.000155654,0.00051542,4.05E-05,1.83E-05,7.62E-05,0.034656035,0.000253237,0.008008201,0.000898808,1,0.890483566,ex_src_p10_00524.txt
158,0.059853506,0.106520753,31.13815789,0.595404651,4.54595394,0.541301418,1.339530953,0.505878479,58.96717105,0.402224557,15.48644737,0.515498946,0,1.37E-06,1.11E-05,0.055966114,1.62E-05,0.00031574,3.82E-05,3.62E-05,3.32E-05,0.007285995,0.000281081,0.001927594,0.000685275,1,0.871213043,ex_src_p10_00524.txt
159,0.060160242,0.111962407,32.07344633,0.495796315,4.426457636,0.558279981,1.302800775,0.511045723,58.62649718,0.364100159,15.24937853,0.438393185,0,3.13E-06,4.42E-06,0.090206104,0.002603009,0.000965899,1.46E-05,4.25E-05,3.45E-06,0.022530603,0.000324744,0.005112994,0.002175027,1,0.883876274,ex_src_p10_00524.txt
160,0.059395829,0.112756405,35.32478632,0.461090304,4.574885071,0.543032641,1.342124365,0.523497673,57.02350427,0.433964013,15.94222222,0.432284073,0,3.42E-06,2.66E-05,0.046835297,0.00192383,0.000300412,0.000111953,0.000244023,3.44E-06,0.016928159,8.64E-05,0.0071518,0.002835666,1,0.885245001,ex_src_p10_00524.txt
161,0.058402069,0.099484771,30.87179487,0.599254938,4.380606312,0.561092313,1.321428571,0.523473491,61.06115385,0.405648907,14.82096154,0.529003968,0,9.03E-07,1.63E-05,0.00017325,5.05E-07,0.000294744,2.67E-05,0.000183931,2.76E-05,0.036103341,0.000583271,0.007808515,0.001967229,1,0.898410509,ex_src_p10_00524.txt
162,0.059595691,0.108367928,16.35962145,0.75505865,3.961048978,0.51503984,1.175665253,0.412717013,88.6451735,0.223440769,7.579305994,0.715301865,0,5.11E-08,1.68E-05,0.036742185,2.00E-05,0.001514771,0.000220202,0.000502441,0.000838056,0.531736046,0.000537265,0.008194006,0.000589451,1,0.829037572,ex_src_p10_00524.txt
163,0.057747545,0.111538391,22.99014778,0.481794722,4.637883008,0.529937223,1.362545532,0.522403929,62.19669951,0.358555403,12.80497537,0.408201689,0,4.47E-05,2.27E-05,0.018701774,0.007665779,0.000116992,3.39E-05,0.000549583,4.88E-05,0.01664301,9.34E-06,0.005143909,0.000111765,1,0.865676861,ex_src_p10_00524.txt
164,0.058283286,0.107669751,35.66141732,0.708703685,4.603665268,0.558996705,1.376462795,0.540318176,54.7003937,0.535647338,16.21677165,0.552440959,0,5.70E-06,6.40E-05,0.161417323,0.000642743,0.001102886,0.000117581,4.02E-05,0.000165111,0.000442244,0.000562143,0.100868098,0.001352711,0.957083412,0.905876093,ex_src_p10_00524.txt
165,0.059322171,0.105861152,16.11708861,0.663431119,4.125859022,0.553538924,1.237188298,0.460828015,80.34974684,0.255802076,8.100379747,0.617183022,0,8.98E-06,2.70E-06,0.001488468,0.00047838,0.001010684,6.67E-05,0.000686991,0.000120628,0.020121167,0.000204242,0.033810197,0.000350302,1,0.878415976,ex_src_p10_00524.txt
166,0.060669497,0.106196805,27.11931818,0.70394353,4.782945736,0.566885228,1.44353656,0.538488727,51.54607955,0.451452324,15.32090909,0.472767403,0,1.71E-07,3.00E-06,0.007168649,6.98E-05,0.001012345,6.28E-05,0.000181329,5.34E-05,0.016912879,0.000204657,0.0045671,0.001131317,0.949567233,0.86017797,ex_src_p10_00524.txt
167,0.060095513,0.09959672,34.27333333,0.985273412,4.049017701,0.551912601,1.223497374,0.453423531,68.19406667,0.518766927,12.2892,1.00030165,0,1.78E-06,4.69E-07,0.042564103,0.000239953,0.000309653,5.15E-05,2.47E-05,0.000838577,0.023066667,0.0008994,0.002273171,0.004061313,1,0.839490095,ex_src_p10_00524.txt
168,0.059600972,0.113513748,18.57666667,0.673534493,4.357975955,0.561270129,1.280279921,0.496540055,75.41776667,0.315495242,9.8927,0.614304853,0,1.45E-06,3.43E-06,0.002087912,0.000266821,0.000862898,2.32E-05,0.000169658,0.000244267,0.008404965,0.000267766,0.00266587,3.46E-05,1,0.864393007,ex_src_p10_00524.txt
169,0.059158608,0.113640889,13.69189189,0.735893714,4.067508883,0.472028454,1.153572839,0.380984505,93.13710811,0.195313237,5.807540541,0.723660159,0,7.98E-06,5.94E-05,0.014159981,0.000388367,0.0038487,0.000910979,0.001068386,0.001858488,0.31154763,0.001873493,0.057909459,0.000273075,1,0.861701325,ex_src_p10_00524.txt
170,0.060715512,0.114906869,33.71641791,0.612368056,4.725984949,0.544947313,1.40084108,0.522998889,49.97537313,0.537272851,17.4280597,0.509084708,0,1.87E-07,0.000148,0.024110218,0.000311586,0.000795425,8.70E-05,0.000176868,0.000170489,0.450997236,0.000693132,0.015969075,0.00034586,1,0.892039475,ex_src_p10_00524.txt
171,0.058443339,0.108391418,19.77470356,0.769125739,4.176693984,0.521411795,1.234259444,0.442366609,82.65920949,0.272484939,8.580988142,0.714382744,0,5.21E-06,1.44E-06,0.000834211,0.000357693,0.00154936,8.20E-05,6.83E-05,5.35E-05,0.148343564,3.89E-05,0.00319209,9.97E-05,1,0.88654692,ex_src_p10_00524.txt
172,0.059023729,0.092798216,12.51282051,0.605786136,3.968806922,0.48490755,1.160063752,0.387712344,91.59150997,0.194677908,6.171595442,0.624864251,0,4.35E-06,0.000140632,0.021462488,0.000177989,0.001093518,0.000946022,0.000489284,0.000149648,0.068371334,0.002508822,0.069341495,0.000194574,1,0.867554515,ex_src_p10_00524.txt
173,0.058700754,0.094257486,14.87889273,0.58994156,4.076046512,0.503764006,1.200232558,0.430985352,86.17608997,0.194212663,6.729446367,0.611267381,0,1.20E-05,2.47E-05,0.061227027,0.000133921,0.000276977,0.000154373,0.000413298,0.000104784,0.048895109,0.002513193,0.00023905,0.000119627,1,0.889625986,ex_src_p10_00524.txt
174,0.057612788,0.106872484,33.93700787,0.772698449,4.240139211,0.514229586,1.231090487,0.445051888,65.44858268,0.492998568,15.42322835,0.70882712,0,2.99E-05,7.16E-06,0.056768353,1.36E-05,3.54E-05,0.000161896,0.000785532,0.000211595,0.010753496,0.000212959,0.037824285,0.001486379,1,0.870377772,ex_src_p10_00524.txt
175,0.061127423,0.105187228,46.91735537,0.766692779,4.698079972,0.569998108,1.391403911,0.551619971,41.8077686,0.903239256,19.54173554,0.707717163,0,7.08E-06,1.28E-05,0.412768216,6.37E-06,0.00015568,5.61E-05,0.00020046,5.92E-05,0.442076287,0.031273454,0.054772399,0.000376423,1,0.893613146,ex_src_p10_00524.txt
176,0.059567766,0.105243816,15.56302521,1.005936385,4.229301656,0.525002121,1.228401728,0.468877907,82.24263305,0.356917247,7.434929972,0.985420494,0,8.82E-06,6.94E-05,0.034244414,0.001092208,0.00030668,0.000152738,1.55E-05,3.91E-05,0.005067264,3.67E-05,0.007851025,7.94E-05,1,0.836868317,ex_src_p10_00524.txt
177,0.06015675,0.104604726,28.81290323,0.660607601,4.667039857,0.566265319,1.386251679,0.526686683,61.49567742,0.428147707,12.9903871,0.580704832,0,4.76E-07,4.11E-05,0.025332068,0.000452273,0.000436405,2.77E-05,6.91E-05,3.66E-06,0.080851992,0.000211813,0.014585279,0.000150699,1,0.891764856,ex_src_p10_00524.txt
178,0.058281627,0.109605045,21.48594378,0.75769112,3.780186916,0.511494674,1.163925234,0.407110664,85.21104418,0.22271831,8.97502008,0.689617578,0,7.36E-06,4.12E-06,0.007682906,1.34E-06,0.010299649,1.09E-05,0.001231153,0.0009925,0.192407813,0.000877483,0.013745352,0.000136042,1,0.868353691,ex_src_p10_00524.txt
179,0.0608426,0.100164828,24.41056911,1.054793842,4.523230641,0.552015325,1.317735221,0.522597255,68.20097561,0.545218442,11.35727642,0.896411974,0,7.09E-06,4.51E-05,0.006074724,0.00084649,0.000138395,4.72E-05,8.04E-06,4.61E-05,0.02997561,0.002267518,0.003703969,0.001658201,1,0.830418191,ex_src_p10_00524.txt
180,0.060094775,0.105765578,17.20134228,0.770761893,4.042918455,0.53799295,1.207374171,0.447822663,83.56996644,0.252914124,8.188422819,0.707392779,0,2.52E-06,5.93E-06,0.012943432,0.000362036,0.000658464,7.02E-06,0.000429726,0.001063494,0.019517684,0.002569135,0.008254104,5.20E-05,1,0.860902837,ex_src_p10_00524.txt
181,0.059848281,0.102509226,20.15140845,0.535139034,4.257207758,0.549695789,1.298095405,0.495265791,71.12830986,0.280371527,10.73693662,0.469214588,0,1.05E-06,7.65E-06,0.008551308,0.000866494,0.000963377,8.35E-06,0.00010511,0.000291191,0.017090141,0.000359311,0.029652528,0.000705953,1,0.889037293,ex_src_p10_00524.txt
182,0.060313158,0.109769704,27.49038462,0.599722002,4.684330185,0.571201813,1.414305701,0.545183597,58.58841346,0.494219792,13.80884615,0.520714079,0,8.10E-07,2.01E-05,0.021810507,0.000466558,0.000563732,1.54E-06,4.17E-05,3.82E-06,0.013094313,0.000111055,0.014017924,0.000227218,1,0.861915342,ex_src_p10_00524.txt
183,0.060653409,0.098943694,20.46280992,0.799801315,4.382673667,0.536226028,1.278271405,0.506590415,73.18380165,0.346363426,10.94991736,0.651139152,0,2.45E-06,1.09E-05,0.00181701,0.000620014,0.001206807,9.94E-05,0.000110486,2.70E-05,0.032849272,0.000131735,0.025693217,0.000120772,1,0.86761456,ex_src_p10_00524.txt
184,0.057072163,0.112056296,25.1761658,0.754156566,4.410989916,0.573403981,1.332167113,0.53170924,64.73455959,0.430623832,13.42709845,0.612309993,0,5.77E-06,7.51E-05,0.005181347,4.06E-05,0.000194295,0.000132682,0.000386189,1.72E-05,0.019927594,0.000682118,0.005501554,6.73E-05,1,0.880219411,ex_src_p10_00524.txt
185,0.059424013,0.112083366,42.17431193,0.565127071,4.63128127,0.540847019,1.343484881,0.505787239,45.94477064,0.584967288,19.55055046,0.500011404,0,3.91E-07,0.000102203,0.544986319,0.00015166,0.000126586,4.53E-05,9.51E-05,5.80E-05,0.055555983,0.000558919,0.045957478,0.000139192,0.956055589,0.891492597,ex_src_p10_00524.txt
186,0.058928096,0.094942856,18.76226415,0.672682142,4.143403057,0.522874519,1.21621078,0.453806545,82.8770566,0.241986703,8.68045283,0.646901793,0,1.06E-05,1.43E-05,0.005507394,0.000503379,0.000317526,5.75E-05,8.11E-05,0.000766159,0.105255535,0.002440298,0.00533952,0.000672393,1,0.846815499,ex_src_p10_00524.txt
187,0.058377254,0.115602119,25.27947598,0.641578605,4.143029884,0.544863871,1.263257903,0.484970781,69.07982533,0.30283658,12.38873362,0.537752524,0,1.57E-05,0.000198523,0.038171076,0.000453327,5.56E-05,5.83E-05,3.29E-07,6.92E-05,0.009196895,0.00060653,0.001528156,6.11E-05,1,0.882728063,ex_src_p10_00524.txt
188,0.060262177,0.108200899,34.40322581,0.428755462,4.561415846,0.541955752,1.336849508,0.519924751,57.75137097,0.433988952,15.99967742,0.407933623,0,4.60E-06,7.56E-06,0.060826481,0.015759962,0.000119874,1.79E-05,0.000141596,0.000187614,0.012551294,6.15E-05,0.014503001,0.000379831,1,0.88876911,ex_src_p10_00524.txt
189,0.059592132,0.096616661,33.34074074,0.64281037,4.630082204,0.564346391,1.387913797,0.537478475,51.5077037,0.516222928,16.44503704,0.52799884,0,3.46E-07,2.55E-05,0.052861953,0.000274171,0.00107248,4.50E-05,0.000132388,4.96E-05,0.021462963,0.000477871,0.018305011,0.000962101,1,0.892206029,ex_src_p10_00524.txt
190,0.059994717,0.115236812,16.97032641,0.677998903,4.214547998,0.532289063,1.214373142,0.437891768,82.19759644,0.254872825,7.780771513,0.655448727,0,1.10E-06,2.97E-05,0.014574197,0.000554273,9.63E-05,0.000183194,0.00080339,7.01E-05,0.026402805,0.000610434,0.005354847,3.97E-05,1,0.835668981,ex_src_p10_00524.txt
191,0.057814319,0.110622848,32.67283951,0.630389187,4.532401285,0.536423099,1.347817873,0.514842529,55.2695679,0.477380527,16.39185185,0.524785513,0,2.20E-05,6.29E-06,0.0496511,0.000670809,0.000385601,8.09E-05,8.21E-06,8.81E-05,0.023546396,3.52E-06,0.034880174,4.14E-05,1,0.882966709,ex_src_p10_00524.txt
192,0.059163965,0.127121057,35.00769231,0.478478519,4.569325423,0.570149212,1.413535487,0.543463943,41.77246154,0.563822689,18.87746154,0.375981231,0,2.62E-06,0.000377371,0.096401985,0.005889393,0.000536029,9.50E-05,1.98E-05,4.45E-06,0.406769231,0.000388969,0.033961538,0.000170862,0.961355962,0.907242879,ex_src_p10_00524.txt
193,0.060733,0.103381058,22.35096154,0.723138473,4.49967735,0.545483774,1.313400731,0.504650526,72.89788462,0.34336706,10.54052885,0.6402849,0,1.38E-06,7.28E-06,0.007527195,8.47E-05,0.000321799,1.56E-05,0.000614392,0.000128755,0.013743292,0.000691556,0.003113766,0.000451102,1,0.86982693,ex_src_p10_00524.txt
194,0.059778719,0.108937633,14.34736842,0.691622883,4.539740768,0.501066726,1.239911959,0.449055122,80.59407018,0.280207077,7.189263158,0.679739313,0,8.75E-06,5.42E-05,0.01217289,0.000196441,0.000342946,2.48E-05,0.000179895,6.96E-05,0.016025895,0.000429358,0.015519451,0.000787942,1,0.850207386,ex_src_p10_00524.txt
195,0.059904919,0.108637877,18.38075314,0.611181705,4.195765991,0.530120241,1.229000683,0.466115424,81.07380753,0.250601518,8.62665272,0.593080182,0,4.52E-06,6.35E-06,0.020073308,0.000195398,7.35E-05,8.13E-05,0.000205818,1.33E-05,0.045716278,0.0031355,0.03055363,0.000710745,1,0.868937766,ex_src_p10_00524.txt
196,0.059712335,0.106758588,27.53038674,0.772819458,4.183022276,0.556363268,1.2508529,0.500678344,68.62060773,0.398584149,13.03839779,0.679201177,0,3.53E-07,2.23E-05,0,0.000134612,7.09E-05,4.02E-05,0.000362966,6.26E-06,0.006397208,1.27E-05,0.006183216,0.001326079,1,0.899328546,ex_src_p10_00524.txt
197,0.06058321,0.09898131,25.83606557,0.725860222,4.38071066,0.538435325,1.281937394,0.494138198,69.01300546,0.361874701,11.99754098,0.668950427,0,4.33E-06,5.33E-06,0.030293873,0.000128886,0.000190396,1.27E-05,0.000567764,0.000237758,0.076016758,0.000348436,0.012610108,1.29E-05,1,0.87220167,ex_src_p10_00524.txt