,n_grams_literal_integrity,n_grams_pos_integrity,sentence_length,vector_document_closest,file_name
0,0.012541711421410685,0.4505472298765069,13.74571760370208,0.9903718644588428,in_01522.txt
1,0.004986292879448846,0.46623659030212167,11.829963001269233,0.9842692016057297,ex_05497.txt
2,0.005276580788821201,0.46717008008009475,14.021092591031772,0.9852628316997918,in_04300.txt
3,0.002214722632356041,0.44282401135516053,20.29990224745815,0.9750543393956516,ex_07294.txt
4,0.0014935553673910982,0.39646990167095536,11.868122801099902,0.9926507447340724,ex_05468.txt
5,0.0027293812475829367,0.38984795176451115,13.64890792182755,0.9829110513920947,ex_10703.txt
6,0.00208946025958811,0.5149642137837547,14.457712099490864,0.9873125308159518,ex_04010.txt
7,0.003099304237824158,0.5142348629860439,9.853635637115888,0.9722980248252421,ex_03025.txt
8,0.002064517452114348,0.4526928690013214,10.515076271921616,0.9767727026966744,ex_07525.txt
9,0.0017821867773239082,0.41426311867002374,13.998192900568588,0.9826372192816061,ex_08616.txt
10,0.012704317604038543,0.5186908052355366,16.272687948509976,0.9876680853980342,in_04116.txt
11,0.004581300246293964,0.46133244515235616,11.883488304438618,0.9915559622235692,ex_09905.txt
12,0.010758663268341495,0.4944542981342012,13.538316468732356,0.9905095455203421,in_01913.txt
13,0.004947926680766509,0.4630380894151111,19.179861351603485,0.9903584841960384,in_01668.txt
14,0.0024686877850860593,0.3826782659638449,11.506347080973901,0.9731679204803795,ex_07135.txt
15,0.011418865765572501,0.459413578668545,20.15658739700941,0.9842057963526595,in_00748.txt
16,0.012770318335355716,0.5406246458870752,12.36026022281454,0.9711187180659326,in_03533.txt
17,0.004695688554190327,0.5012530952589033,12.959355968211785,0.9899962369508187,ex_01785.txt
18,0.0035537899409009473,0.4257766451833209,16.37624425590023,0.9778397640085578,ex_10138.txt
19,0.03938223831808428,0.4800475390667163,22.321542169242655,0.982582285761692,ex_01747.txt
20,0.0075964167096714335,0.45877636005941436,28.41542995056882,0.9842099633198432,ex_06028.txt
21,0.0030947109471094673,0.4587090207894342,9.663449220109484,0.9882315455041704,ex_04159.txt
22,0.01578204109399398,0.45528085358420645,18.16096727777207,0.9853015053009064,ex_07487.txt
23,0.0024534686971235176,0.3932481749085498,14.159297354001012,0.9809885234414539,ex_03193.txt
24,0.01176034603394408,0.4538897691039106,9.513322857861827,0.9918508714727754,in_00985.txt
25,0.01818660926372156,0.4696702864058565,8.167967341367405,0.9911481539751317,in_03240.txt
26,0.02464750035581113,0.5068287438426206,17.827614957704423,0.9771792805577931,ex_02058.txt
27,0.0017548057749062756,0.42078198829240654,15.620286043337652,0.9910263772200547,ex_03346.txt
28,0.0038160959701840137,0.46152606162411336,21.581757006251614,0.989116831531547,ex_07646.txt
29,0.025454396303784033,0.4870546637355786,15.633848743315077,0.9836317997645655,ex_07652.txt
30,0.006239988917059738,0.48666451797670024,12.251530516633421,0.9805668397800679,ex_09119.txt
31,0.0015330652929597508,0.44351859220861894,13.959259568597826,0.985832732841821,ex_02064.txt
32,0.004624262565370835,0.38203292432359964,18.012107503226915,0.9908570153099863,ex_06564.txt
33,0.005452464860047789,0.4634182046432177,11.936882731285563,0.9945434291380162,ex_05125.txt
34,0.006446756444448101,0.42478371721810326,13.100414027337077,0.9879639334093079,ex_02138.txt
35,0.019766426724335377,0.47556859864931933,6.23524987177012,0.9838382773017562,in_02214.txt
36,0.01588128253891315,0.47127757466740555,10.437623382788432,0.9899442417387176,in_04659.txt
37,0.011513975751095423,0.48621709017994263,12.249135083020132,0.9932891056508784,in_01047.txt
38,0.004875373036855963,0.46072773221495744,16.04048436886026,0.9855145379644019,ex_03018.txt
39,0.0032153572336638637,0.4670868208115238,9.157781643874303,0.9891781304798151,ex_01802.txt
40,0.008315131211613652,0.43172623687789896,19.441616919608535,0.990702065764189,in_03478.txt
41,0.002107279693486587,0.43019887965410025,16.01558860094813,0.9805544502383942,ex_04013.txt
42,0.005744473658584077,0.45904575339891723,12.050137808582157,0.9590664335590866,ex_08167.txt
43,0.0010877250231141565,0.411715446021495,11.709142490752152,0.9815710699085671,ex_03218.txt
44,0.0072744637761207685,0.49172505560776264,16.30746986195067,0.988215281713147,ex_01427.txt
45,0.004729144095341269,0.49727388693902896,17.46882998175463,0.9873973564855666,in_04707.txt
46,0.012853478577874533,0.43369120677634554,12.080994461887343,0.9882983773408303,ex_00671.txt
47,0.0021333154626278833,0.39644500577525094,19.68336725507235,0.9830624617660771,ex_00665.txt
48,0.008203655352480447,0.47172141607460405,24.018285196991133,0.9925282291297371,in_01333.txt
49,0.002825803142630667,0.40792351153290557,16.947800210288126,0.9838283996628946,ex_03191.txt
50,0.011280206045672909,0.4658085927468025,12.71398634035133,0.9930780087496429,ex_08985.txt
51,0.014523078931905813,0.49817145467586943,15.144714073734878,0.9851891909478283,ex_06770.txt
52,0.0037967407407407346,0.4842451699604071,17.699730062226337,0.989308083842817,in_00950.txt
53,0.008872603851383961,0.4989147148673357,14.287851059663229,0.9626359891185869,ex_02516.txt
54,0.002915038573289246,0.40361611807509634,12.57398873742385,0.9917505768043453,ex_03146.txt
55,0.006040395636901449,0.47501277981255097,19.65294256658238,0.9886015381800065,ex_03634.txt
56,0.0027358245290600063,0.36023917373759795,16.82251526640188,0.9774823096431475,ex_08760.txt
57,0.002250970245795598,0.4148469904766592,19.456111667652202,0.980379904063909,ex_06981.txt
58,0.008336889146876336,0.5155935781143771,13.672053693113583,0.9859144909927403,in_00979.txt
59,0.004103262411347509,0.49814839279399653,16.018431767995583,0.9892163825042305,in_04510.txt
60,0.007009899177850418,0.4673025216713489,12.490499327851866,0.9813444794854675,ex_01787.txt
61,0.01200749191214038,0.4878431044396145,22.41207821467,0.9899632708167256,ex_09481.txt
62,0.005689704823614101,0.4413628354785823,13.60167642828453,0.9908787645677225,ex_03437.txt
63,0.006842810765525189,0.43337051173891683,21.21930322578666,0.9950783106176039,ex_07651.txt
64,0.0023282124568298162,0.4571956151893767,10.75047886591081,0.9917691530390526,ex_08210.txt
65,0.0024727780628242355,0.42960787881380036,16.239732326449236,0.9887485002213041,ex_09126.txt
66,0.0022475890985324924,0.4394798554719247,14.813528590510373,0.9833163768128332,ex_04370.txt
67,0.00981313728719667,0.4900619688040206,15.610169241247238,0.9879804904493327,in_00560.txt
68,0.016835686295482828,0.4446053580360878,17.4103621816742,0.9919420323152813,in_03874.txt
69,0.007879400061218232,0.4069539484894312,17.0132286357569,0.9847599101775353,ex_05640.txt
70,0.00611528822055137,0.4578406044699273,15.114612446177354,0.9913672589423611,ex_06349.txt
71,0.004044770898915698,0.4853311126797098,16.046341193894396,0.9892922704066254,in_01087.txt
72,0.004028269368681605,0.45809425313797636,11.611242106054101,0.9909263714997107,ex_09720.txt
73,0.003988888888888881,0.5035265051487414,21.788313508501457,0.9834403547478868,ex_09913.txt
74,0.008337891857774051,0.4863736892451107,16.703873812763725,0.9821441166285464,ex_05683.txt
75,0.0027963925222480985,0.5245696755945622,14.781165350873794,0.9899363193174713,ex_07916.txt
76,0.0029163415170978596,0.4802466767650392,28.397303996428427,0.9916277937615595,ex_01142.txt
77,0.004760198888105855,0.43859636488016285,20.704290365258352,0.9891133497451131,ex_06605.txt
78,0.005145189003436417,0.4119912366499192,12.157844311166912,0.9895483693411119,in_01285.txt
79,0.005356028933572225,0.4688035734199789,18.11879869235331,0.9920329199374981,ex_09522.txt
80,0.0031995690108272833,0.43105337298357815,14.926043228291922,0.9891042350411798,in_02767.txt
81,0.006456322601242653,0.4737942045312582,21.886327318131276,0.9874644915716306,in_02001.txt
82,0.00181239015817223,0.39968890311573957,11.413674725858403,0.9782313285123538,ex_01803.txt
83,0.012025274943771822,0.4383094068821167,12.965400545026805,0.9938404109715832,in_00160.txt
84,0.010637464387464412,0.49577428781399474,25.113099010983966,0.9873031697266436,in_01518.txt
85,0.002387570379873136,0.5046302309278395,21.56491250990679,0.9887143973582962,in_04460.txt
86,0.005465077582262146,0.5260048024226747,21.327395907195204,0.9864645205279046,ex_09283.txt
87,0.0023047160169367763,0.448708233244679,14.277812402407202,0.949986949349543,ex_08604.txt
88,0.002844567452766722,0.4156506905190648,9.96886713729968,0.9868728939814783,ex_07537.txt
89,0.00664448647008007,0.44715723527557805,20.69165624561199,0.9902926375953796,ex_03023.txt
90,0.005867556899302921,0.4245498899126928,13.064395218839556,0.9795760964976304,ex_02301.txt
91,0.016240960270649144,0.5006159072782842,13.52793721573299,0.9580998368010804,ex_00270.txt
92,0.003625842848586712,0.5270184253617082,14.146876486924793,0.9882319427650117,in_00362.txt
93,0.0021279751225929872,0.4109119880541349,12.079985406896402,0.9790610753114312,ex_03235.txt
94,0.001818597497609841,0.47357193336004916,14.34832266600086,0.9874620996702146,ex_00700.txt
95,0.014134155178002863,0.4600569604294868,12.01737826743803,0.9939713857899563,in_01861.txt
96,0.008988779143989826,0.4443632703669784,12.999009967094056,0.9874805660813905,ex_00674.txt
97,0.0027361733399710736,0.43575840803742366,12.154190516616229,0.9723357422497145,ex_01218.txt
98,0.022034003590301564,0.4918771319969383,22.766951979695868,0.9870513783371879,in_01849.txt
99,0.007682591982427246,0.4649676589506428,12.56240566991765,0.9930524355024963,in_03535.txt
100,0.019922233005082512,0.44057444688274655,14.649031644237752,0.9878213425122796,ex_00305.txt
101,0.00826707957544759,0.4986893145246029,14.139434237816372,0.9892468780332799,in_00798.txt
102,0.0034727557262768456,0.477860720150162,19.659540490940362,0.9753013837219829,ex_06006.txt
103,0.006861058225142904,0.5085927184400668,14.495860041923123,0.9899004884696176,in_04515.txt
104,0.003217532279543737,0.5579976956779541,35.44658346187541,0.9709580692503975,ex_03340.txt
105,0.005076270421518178,0.49670582786507794,16.556141156063337,0.9841667893398988,ex_01231.txt
106,0.008796431762930663,0.44447374773479326,11.437986971428336,0.9846075381386493,ex_04349.txt
107,0.004012062166550678,0.5035536249912453,9.979099265410854,0.9868273920565439,in_01653.txt
108,0.0019560232024821234,0.4060574237763825,15.650163274103113,0.9870744884654249,ex_09692.txt
109,0.011010017980256057,0.3546142297333334,10.767991925653568,0.9709225286607523,ex_00846.txt
110,0.0016403025314341586,0.4395094615073344,19.04753574645346,0.9863163997514239,ex_02670.txt
111,0.006585469684844841,0.48758540662118166,15.687714904419117,0.9744768815188163,in_02574.txt
112,0.005137929641746424,0.5095688885800311,15.532409288876446,0.9909269239337691,ex_04765.txt
113,0.00652074840597888,0.4786886211365493,19.5703911020669,0.9882938892389298,in_01294.txt
114,0.004461919614219029,0.4578855619405429,13.185374628267596,0.9881229968251928,ex_05453.txt
115,0.0032906098421708638,0.3179627977464735,15.844097594101994,0.9669976483397393,ex_02328.txt
116,0.014265533869787985,0.5010301002959853,17.58044558087385,0.9904628597050186,in_01531.txt
117,0.015130994844618792,0.4600240749365978,19.23419528260839,0.9854826987487314,ex_09282.txt
118,0.011108027903033167,0.5026789842579197,14.177691239411994,0.9863651856577474,in_02010.txt
119,0.006256652152878561,0.5019236563668106,13.714843066786857,0.9843444020495846,ex_05484.txt
120,0.006456456456456451,0.4631655080534046,13.550857643982829,0.9937431429081304,ex_03791.txt
121,0.0019569690463410237,0.4780156545238986,24.123376251834983,0.9838245203413192,ex_03961.txt
122,0.006586882553091646,0.49080826158218144,16.579933675676184,0.9869006656015591,ex_08820.txt
123,0.006845345838140321,0.43682633169696483,12.323065566797633,0.9652039628991288,ex_08607.txt
124,0.00224678070344032,0.4528066732118982,15.496831699144144,0.9869104901345874,ex_02464.txt
125,0.015174595334082266,0.45228321842633823,27.478075165901416,0.9815942174815697,ex_04773.txt
126,0.001945724526369684,0.47081944005543613,13.930841757048462,0.9885896644501002,ex_01179.txt
127,0.006885660680410818,0.4575601955398804,14.470338835540792,0.989785291280319,ex_07093.txt
128,0.003601643370286206,0.4967477337512625,13.643716885889594,0.9859124847600798,ex_10538.txt
129,0.0021992541046982283,0.41770496581465427,14.898617182044372,0.9828604762241763,ex_01435.txt
130,0.00443767194446054,0.44852622920912283,16.163929774502172,0.9860404347556038,ex_01347.txt
131,0.0019726867335562955,0.46779380872023885,13.823514671261044,0.9837043704369729,ex_00059.txt
132,0.002135409763640377,0.4383473028777011,18.614648074059335,0.9804078478844569,ex_02666.txt
133,0.01060949438959145,0.4987790407044493,16.43779486282074,0.9884922296426084,in_00567.txt
134,0.0064525750646251614,0.46205616771031555,15.11128021735579,0.992482450409177,in_03085.txt
135,0.010952728835321224,0.4984322282151801,15.012288935917713,0.986803298533534,in_00759.txt
136,0.0027740036231884003,0.4639266837256896,20.093120388410664,0.9878146179178942,ex_10672.txt
137,0.04059113820840538,0.47989323290305885,9.491533415238871,0.987572811615546,ex_09323.txt
138,0.0072428455699132446,0.4887257005043532,14.528539478803763,0.9851070997527578,in_02833.txt
139,0.0029080257762155778,0.4740920146226864,18.767113019303046,0.9890777527133143,ex_02504.txt
140,0.004779934323383811,0.4680127889983302,19.861123881887373,0.989632337421848,in_00942.txt
141,0.003948848990204642,0.43838652700724295,21.75622232843836,0.9616546194246214,ex_06763.txt
142,0.0019419115163795987,0.4290829604433101,21.326882945395027,0.9922430323113623,ex_07333.txt
143,0.0036549111112939014,0.42445125087181407,12.442998810788488,0.9781807690334272,ex_04835.txt
144,0.0027082556028157063,0.45047595313198746,15.681798329535125,0.968144976352925,ex_03182.txt
145,0.0113242960231283,0.4455891546532039,13.1350968611965,0.9915341757945756,in_00770.txt
146,0.011404840057901315,0.4751206238103894,16.861359645152778,0.9879942376799461,in_01687.txt
147,0.010340606322459887,0.46479329787845214,20.723687431206905,0.9837088083654139,ex_10303.txt
148,0.00942846913041467,0.48570443225430265,17.154322472788913,0.9876711707295273,ex_06575.txt
149,0.004047742905034386,0.42620951823661285,18.35217109236555,0.9814837884132578,ex_08202.txt
150,0.0038023905009042947,0.4501048864121834,15.534759817148645,0.9921532559343236,ex_01540.txt
151,0.004465876246092127,0.48358264923065664,13.317876305652435,0.9953168653382215,in_01877.txt
152,0.009292822609726779,0.4777739363681412,15.731856309454484,0.9937871401422007,ex_03394.txt
153,0.004838216003498025,0.44627013784355546,16.06269438073113,0.9885152703965048,ex_06415.txt
154,0.028502721460631795,0.3854055090915483,17.16164392647329,0.9716537608461416,ex_01420.txt
155,0.0044353584913279535,0.4984748467900874,20.715827852008545,0.9823133715124602,ex_09068.txt
156,0.0023234414538762325,0.39493036764380385,11.382108659262348,0.9880389575351389,ex_03223.txt
157,0.0071087748475489165,0.5327840978855666,13.993188575606817,0.9887390670642549,in_02239.txt
158,0.0048242737090272965,0.4993808714176158,18.873412099531024,0.9777227491266482,ex_01385.txt
159,0.0012530913266207372,0.37658917887455945,14.404340905500712,0.9847924199352099,in_02211.txt
160,0.01200169425592308,0.4631209493352527,33.269019181139164,0.9933939040293839,ex_06165.txt
161,0.002981210556511756,0.46463115195891397,19.056740294429964,0.9866143549893581,ex_01144.txt
162,0.012868085855031736,0.5839591663841368,45.57200537645712,0.9796296298935645,in_03443.txt
163,0.005080225003632429,0.4825042966898768,20.80372273514918,0.9925894323898045,in_01532.txt
164,0.007783000588433951,0.4973343494079267,10.07350019323789,0.9867923765719517,in_03319.txt
165,0.0017412935323383057,0.455375085128265,17.01528414324842,0.9859311585627771,ex_03784.txt
166,0.003966648687522465,0.44793216216076726,9.700427970061403,0.9939293227429665,ex_06824.txt
167,0.0050678276231938815,0.5297083627713765,19.57628658756384,0.9818430554937906,in_02775.txt
168,0.007111040984917577,0.4462516764721545,15.155411961866301,0.991793448706924,in_01227.txt
169,0.003766962743646673,0.4781165182736613,17.437006815798316,0.992757795384018,in_04377.txt
170,0.004235854301114245,0.4536690495190297,18.794271601486074,0.989706695100476,ex_05386.txt
171,0.016810338656332743,0.4981288799765201,15.145997274677741,0.9839376516705627,ex_09231.txt
172,0.004161135062387366,0.4563753197166479,10.509616052674977,0.9913577497452213,ex_05379.txt
173,0.006804582603619368,0.42871228293725877,23.90364183615442,0.9869292136926628,ex_04067.txt
174,0.014161651276991406,0.47926668442896025,16.286034519649593,0.9734289476848733,ex_07220.txt
175,0.00367115239569687,0.4492604829962857,14.92089629146943,0.9921541887250516,ex_09219.txt
176,0.002231882343663745,0.4552825829704718,22.44436484204086,0.9823591404879963,ex_08107.txt
177,0.0038404310934169717,0.4779277111516417,17.95433216395943,0.9781143628538876,ex_05345.txt
178,0.005479241943442816,0.45346579280359584,16.144610000113016,0.9886302979342956,in_01025.txt
179,0.015310422277161808,0.49934717121090616,22.525326446842637,0.9903047893225485,in_04149.txt
180,0.01169142323904233,0.4360007456420542,11.004009427754765,0.9900048775167538,in_00307.txt
181,0.011557355705001979,0.5022155601819291,13.980196472182678,0.954686447255884,ex_09972.txt
182,0.004416428335181612,0.44036996530061,15.58582880665874,0.9921472564868166,ex_05190.txt
183,0.017035105205933366,0.46271003495015794,17.617378412761802,0.990598105633104,ex_09033.txt
184,0.0015470760797413317,0.473410341242645,16.903902416502017,0.9839744777103732,ex_09741.txt
185,0.005176376206318861,0.4413324892224864,14.269810678932629,0.9954858888554095,ex_05147.txt
186,0.008696138120267344,0.4393152764017964,18.098693824419687,0.9877558006910088,ex_09190.txt
187,0.009477707658415869,0.4580173614807393,11.442990027191717,0.9920055817677891,ex_02947.txt
188,0.007019513991163484,0.5325156271476481,8.583654170823309,0.9845828702541211,ex_07181.txt
189,0.0054673947046611415,0.44363732061559413,17.628782079920498,0.9804661612200469,in_01186.txt
190,0.004247587418477601,0.467141888096705,19.627869556099927,0.987970778866727,ex_06248.txt
191,0.0037029820303330647,0.46164168118388904,16.196337138898038,0.9905270881813524,ex_03330.txt
192,0.011256170543992293,0.4710999875929493,14.331278120294446,0.9882464635985906,ex_02990.txt
193,0.00787517302126589,0.42780838997578613,19.184115936940568,0.9762148659651905,ex_01533.txt
194,0.0020892687559354198,0.4463819481761272,22.30244612456251,0.9717923117651643,ex_08271.txt
195,0.004114848031888384,0.46515135554498366,20.473823704106632,0.9891724450691703,in_01347.txt
196,0.006772288337820301,0.45775354874472113,17.771893512087427,0.9856933541385777,ex_09351.txt
197,0.017863781825027153,0.49654576615098944,36.955886914533004,0.983062950309987,ex_06738.txt
198,0.005632056237956,0.49955029474709495,39.133918570431526,0.9711784574386616,in_00918.txt
199,0.006822721598002485,0.49223074745148615,10.119759704461153,0.9823980557790959,ex_04890.txt
200,0.006326349533459272,0.5104289782094781,13.653176339608686,0.9924543613517757,ex_02205.txt
201,0.0050969349340252304,0.4590330341662386,16.170402837203035,0.9870721040406326,ex_06077.txt
202,0.0078027652840246585,0.5219219298062427,16.955207663494306,0.9793308448037154,in_00064.txt
203,0.009267632426104792,0.4503922604045281,18.60891191749791,0.9895080737961135,in_02667.txt
204,0.004933323808163061,0.4429910530394969,20.6544524231736,0.9880221682607445,in_01420.txt
205,0.0036263634682935806,0.46489228888845,14.704103244434,0.9862461988571525,in_03784.txt
206,0.008187202397719692,0.5085951660203111,17.653225093140115,0.9899186676071695,ex_02775.txt
207,0.007457762629131712,0.5410393741037294,22.93133046282028,0.9902057780821776,in_02465.txt
208,0.0015949750065772142,0.43939946520027695,15.953549146847601,0.9887104752512011,ex_05152.txt
209,0.00301497763081112,0.4750775948223774,19.582191546064546,0.9892133209355588,ex_09026.txt
210,0.006422572905131032,0.5073573095518453,14.966327124973258,0.9881004923651895,in_04160.txt
211,0.0018589634664400992,0.4749577097893416,16.088093112385558,0.9838583726828121,ex_03286.txt
212,0.006971601648789594,0.4742657148635936,19.673519510389387,0.9730534819096531,in_01742.txt
213,0.00197152935248173,0.449351196178887,17.406667235775725,0.9846867626613257,ex_08489.txt
214,0.003892339181286544,0.4520047036084265,16.632168526625254,0.9758383539284528,ex_06881.txt
215,0.005227504081436655,0.4860310278814054,11.052891697676177,0.9819702571341979,ex_09224.txt
216,0.004583255986634481,0.45730162284955017,14.092291652825685,0.9901232678785198,ex_07590.txt
217,0.0076616202945990215,0.49707690552647393,17.172860493772134,0.982196008271905,in_01554.txt
218,0.0064666876508236255,0.497368193870203,15.203632982844212,0.9907622561420707,in_00648.txt
219,0.005514156581503055,0.484594715105361,15.924752200286479,0.9871916507831866,in_01224.txt
220,0.0023832044362840517,0.4567130132533732,12.616249419913105,0.98740470528301,ex_08689.txt
221,0.006197472467091893,0.46386231677077355,13.167218323377432,0.98905674278702,in_00674.txt
222,0.006856460086108154,0.5510707340717126,27.73240534987862,0.9894497917717849,in_00106.txt
223,0.005539565267961067,0.4689048310199622,12.262146929379623,0.9875274081038681,in_04360.txt
224,0.017889578090244534,0.48349908588229507,12.658767764983498,0.9922303920602336,in_02711.txt
225,0.0035336427884414255,0.47805533347312446,16.3180771801442,0.9912554907459026,ex_08886.txt
226,0.006198532452347433,0.4400326973918416,15.783426735586593,0.9761286916382416,ex_00570.txt
227,0.040254684713963255,0.5170288289821847,22.661842404254227,0.9846189751237222,ex_05408.txt
228,0.0019886314886314862,0.4183280521783703,14.50540831285558,0.992019204051575,ex_07237.txt
229,0.0053422599888416685,0.49973909961972224,18.62107851917797,0.9885125140001185,ex_05352.txt
230,0.005107755669034057,0.46217808197091725,17.482306454270812,0.9933367367364527,in_01032.txt
231,0.002474013954150643,0.43058986805395927,19.332475587933466,0.9805099874673279,ex_09795.txt
232,0.010804154218671539,0.5297028140687274,13.176110554709643,0.988525981069275,in_03631.txt
233,0.011618328222560752,0.48981837503273473,8.502676759871203,0.993435325825045,ex_05187.txt
234,0.007672599155462286,0.4367816029963535,10.302427075209202,0.9917911936782359,ex_04299.txt
235,0.0051604854897105345,0.5146563889513407,13.904075176566616,0.9907334713458654,ex_08448.txt
236,0.03055404093076086,0.5493341539342611,21.71584464089461,0.9676162818662523,ex_07753.txt
237,0.013918488468459105,0.5459954658492977,23.725706382378693,0.9888951470504039,ex_07747.txt
238,0.004221150264809812,0.4881332544212247,13.633089490904526,0.9905339103716566,ex_10398.txt
239,0.0033438492561640894,0.4453999483703617,13.27458788465554,0.9828614068251,ex_07169.txt
240,0.005971843778383277,0.4417863799426373,16.344098621472757,0.9795015626977195,ex_05030.txt
241,0.002494758909853246,0.4063311957609943,17.665015876691243,0.9875905058633644,ex_03870.txt
242,0.004678865507776751,0.4376290698003611,19.865692997294033,0.9910738976952979,ex_07380.txt
243,0.0033726537576971526,0.49266396723601447,14.570422387102848,0.9903479257283098,ex_01083.txt
244,0.011275915062066799,0.5004104348701708,12.396471780211069,0.9923927264433327,ex_04110.txt
245,0.01459883123142092,0.4213045907431771,21.978869500934884,0.9838062535564428,ex_03119.txt
246,0.005250605820677071,0.46670130365895596,19.312598543403674,0.9876979130894759,in_03584.txt
247,0.007651912943787539,0.5460487209233784,30.900961226262332,0.986381335205117,ex_02213.txt
248,0.003541692341187678,0.42622700450531087,17.294027384155182,0.9918287968066518,ex_02575.txt
249,0.0017185351831021098,0.4370068957491106,15.77898259280797,0.9829674169317548,ex_06713.txt
250,0.04692323202654379,0.4625132599662357,16.96092024911375,0.9859455333827827,ex_03125.txt
251,0.007772242678025655,0.4317978482329908,10.714789103372805,0.9840761232694928,in_01392.txt
252,0.00376604529474286,0.46693880914806335,12.853969486738134,0.9883245556509569,ex_02574.txt
253,0.006423899448442721,0.5030782234391373,16.122622555710024,0.9921087947443986,ex_08930.txt
254,0.006765181901344019,0.44263300247073567,12.743280423633845,0.9865164534505355,ex_05743.txt
255,0.004587189142042667,0.5217964408727392,21.087777465753295,0.9929522317160746,ex_00607.txt
256,0.02743005563610068,0.3842766417310921,13.374388596926853,0.9681780327166714,ex_07168.txt
257,0.0031673612634349584,0.41312845333912496,20.649184515329527,0.9826124021944775,ex_09145.txt
258,0.001363884342607745,0.47227868876541684,15.562841518078706,0.9708877613837708,ex_05780.txt
259,0.0034538152610441714,0.38468392273128904,19.9645676239047,0.98069129759116,in_00265.txt
260,0.0011130681540192768,0.37289485396169186,14.726248357528398,0.9842455204112427,ex_09186.txt
261,0.004069318739914397,0.4380103856904128,27.998344285154406,0.9867562569487753,ex_03246.txt
262,0.004583938393839376,0.4664357970407098,17.761938748578523,0.9870490751990997,ex_00559.txt
263,0.008695603864734322,0.49641136205800085,13.344356125504678,0.9784939021864132,ex_10004.txt
264,0.003696476964769642,0.44377872943330565,13.640500793833219,0.9929754307803423,ex_01848.txt
265,0.0014493229200848797,0.42494470757457975,12.802842768167173,0.983398884006947,ex_06699.txt
266,0.006213438377252547,0.4794450450903693,14.336414129665975,0.9890912938530364,in_00113.txt
267,0.0024437418271951884,0.47579522442174865,15.585427220583068,0.9828393158834524,ex_04924.txt
268,0.003834751224542403,0.4709287100984659,14.614408364275004,0.9896069279544071,ex_08854.txt
269,0.00655002346118555,0.5172523767291717,15.576329810100601,0.9852729910276488,in_04359.txt
270,0.001420423384885377,0.47558268461784947,17.777292644614306,0.9844211700355795,ex_03054.txt
271,0.004693420599379942,0.5019386805247932,14.898950913327992,0.9892599686017324,ex_02835.txt
272,0.012729207297121159,0.47326510772754665,29.128006200442922,0.9897809281556598,ex_07959.txt
273,0.00364904552129221,0.47498841483533727,15.735514153392735,0.9900565760334309,ex_04288.txt
274,0.0043889301634472445,0.4238554212957522,10.900492017210638,0.9847809705621794,ex_02809.txt
275,0.0021485573971761793,0.44089203331255283,15.448608719507746,0.9776884783106665,ex_09790.txt
276,0.024838909868010173,0.5076321810353328,13.497568624266423,0.9822981805411233,ex_00005.txt
277,0.006795285501773651,0.4783967789240814,16.03733437075947,0.9880695783569801,ex_09800.txt
278,0.0057023301259584835,0.4766393936170568,13.07043392670381,0.9927646682734567,in_03032.txt
279,0.0038033375580904054,0.4288533959004062,22.716640758535917,0.9856118450725643,ex_03322.txt
280,0.004849208556448746,0.4186035817710062,10.98928907908965,0.9847974886947494,ex_06266.txt
281,0.008334628334628367,0.5253170300337581,15.396890046615574,0.9897457161328355,ex_08539.txt
282,0.005521375967804531,0.49832747779902137,13.804499238928177,0.9896908148796209,ex_07391.txt
283,0.011077127436144205,0.4731071951064753,11.251660563506643,0.9870278686372794,in_03230.txt
284,0.007307371680362031,0.4792659120127066,29.302313860278602,0.9808614268372319,ex_03134.txt
285,0.006809454615906247,0.45885475004337634,12.310933145253472,0.9955203057335898,ex_08048.txt
286,0.0043210945618288804,0.475096390910612,18.341735684517193,0.9900170942087776,ex_07353.txt
287,0.0027829493188970254,0.439402231882711,13.929915800781693,0.9875063029106858,ex_04841.txt
288,0.006634815884145631,0.4526033219782357,17.58299952073362,0.9921848389714969,in_00076.txt
289,0.0021133525456291983,0.4456581064073761,16.146666897089087,0.9870489017137405,ex_06924.txt
290,0.007513102360041128,0.3677312553379969,13.28499068285744,0.978063926912805,ex_10411.txt
291,0.004891312687597114,0.44160600396480937,15.804857769653122,0.9695428832653535,ex_10377.txt
292,0.0054305676433613675,0.47554943602825384,14.858403084916525,0.9849374967249022,ex_02029.txt
293,0.009992090839479347,0.4817611599523626,20.450420277050466,0.9904429818265946,in_03966.txt
294,0.009533082884616566,0.4874975194662367,10.951516262698796,0.9919344635071264,in_04012.txt
295,0.00566215070031863,0.49964355138360983,11.120212295263698,0.9902253340251237,in_02311.txt
296,0.0038052005493865895,0.428826486844671,28.138466017913448,0.9893584606878097,ex_01468.txt
297,0.0017681097299614215,0.4489789645379731,14.49475593408222,0.9849174806863045,ex_04276.txt
298,0.004764693264693256,0.4700257254793455,11.356718957485413,0.972750402861767,ex_00010.txt
299,0.005078423871990417,0.44388916155723107,47.29992025511619,0.9871669474468091,ex_09020.txt
300,0.0032909342379126997,0.43189511410243275,16.642530066516414,0.9823412366035947,ex_08470.txt
301,0.006752169803213888,0.4292851815779846,14.533756889456997,0.9920414456028539,in_01963.txt
302,0.0016277908552678494,0.45697774875679487,13.539170843063387,0.9714068250823951,ex_00038.txt
303,0.005159399088123197,0.47655719811944774,15.771036325696505,0.9878115196427191,ex_01440.txt
304,0.004197798666345295,0.5027287441149244,27.128808506806266,0.9763880664691083,ex_07031.txt
305,0.0075812521566597625,0.4602099049259971,46.61135063853268,0.9801560279344055,in_03806.txt
306,0.004208509404258837,0.5059212894126539,22.504940355964774,0.977556569411185,in_03147.txt
307,0.005881617219313546,0.4437479786083506,17.8316822005595,0.9880066165117545,ex_06887.txt
308,0.005184333321418188,0.48343171871417057,18.69999832475227,0.9909566237596552,ex_01642.txt
309,0.0049827548481546835,0.4646088988246209,15.359354982177104,0.969067106878028,ex_09578.txt
310,0.0028322931548737957,0.43869871235337976,17.817441513630875,0.9918299380047472,ex_06893.txt
311,0.0031713620580808037,0.4695777612130507,10.918683125293631,0.9942922415019714,ex_01697.txt
312,0.006196319018404897,0.5000762828205351,19.413194194761907,0.9955250838492262,in_04414.txt
313,0.0034450363750930797,0.47958863599414114,14.130612101069552,0.9859291214825707,ex_03902.txt
314,0.004514518737256548,0.4835253796959437,24.35535427239247,0.9891282854277744,ex_07231.txt
315,0.007110055423594606,0.4674769773171432,11.895597632228842,0.9846280424319385,ex_05426.txt
316,0.0044326649958228844,0.38445759608489255,12.683314140111724,0.9856718246637771,ex_03719.txt
317,0.010543731100255927,0.4712284930430891,10.097998055221836,0.9907154174553615,in_00855.txt
318,0.006420876671619612,0.44304990174096964,39.57659740593606,0.9867930378787392,ex_03282.txt
319,0.003102707348517399,0.4363347470373923,15.713477623107512,0.9899590306204558,ex_07796.txt
320,0.011856283242676787,0.4457492754363145,20.006546725932324,0.9885159010754682,in_00470.txt
321,0.01703574049534869,0.5015810579955429,16.928963909712387,0.9836036752821896,in_03145.txt
322,0.007015242288629027,0.4340480393362333,20.721507009682636,0.9873015798881195,ex_05156.txt
323,0.0026165050902641073,0.44612417614511524,13.84430355195091,0.9837613009163594,ex_00748.txt
324,0.005604692008530913,0.4897907027374771,19.212360450170614,0.9909190069590973,in_01975.txt
325,0.00620902906617191,0.4645678962703299,14.703741020570241,0.9888165571064995,in_01183.txt
326,0.004424565140220084,0.5003597093092508,15.295220857984607,0.9842842789459421,ex_01913.txt
327,0.0014122386514527471,0.442144116845603,12.184634889111466,0.9848458528050664,ex_04664.txt
328,0.006477079885299778,0.45277284265582024,10.991938466194794,0.9878630085534432,in_00935.txt
329,0.003967264078506276,0.47252986187536006,12.993738993313466,0.9853293002337775,ex_06701.txt
330,0.01673378109356489,0.4493380453289932,17.002546411292734,0.9851308175724754,ex_10163.txt
331,0.004263950985262454,0.41639866458713565,17.132265261401162,0.9799795836828473,ex_00371.txt
332,0.01847842333442246,0.5013123783513507,16.8684065174162,0.9689846323219063,in_02851.txt
333,0.006070581819225571,0.4857803046677892,14.57477975067639,0.9849872622994464,ex_03122.txt
334,0.005908541718883546,0.44355115702703257,19.653828683491692,0.9868906839152733,ex_01735.txt
335,0.033667719566194715,0.4803761662053027,34.619100649424546,0.9817352855057796,ex_08077.txt
336,0.01824425704838816,0.5143364622846212,29.176299008631297,0.9866011245333635,in_02110.txt
337,0.007121750554586383,0.5070832239161507,13.123097033656636,0.9843239058634229,in_03795.txt
338,0.0019181645664086639,0.41294062265023523,20.356688662860698,0.9825012305405102,ex_10374.txt
339,0.0015782245998073317,0.46272509829927055,13.847878758348479,0.9861146666754168,ex_02016.txt
340,0.009419377718824373,0.4620266843201704,17.547802966688764,0.991194392480415,in_01814.txt
341,0.005795922184811065,0.4320622126627023,16.773557816585765,0.9891552390896748,in_00263.txt
342,0.006279486143639551,0.49631459783610954,14.309035781050682,0.9827791732352451,ex_10214.txt
343,0.00518332923048595,0.46958181275239913,17.466716027382994,0.9799625435310763,ex_07967.txt
344,0.012340031127386193,0.3838623609301336,11.55863102777488,0.9856361026840428,in_02500.txt
345,0.006906784460301297,0.4930437782032754,13.272418533452898,0.9917764142826917,ex_06106.txt
346,0.006712674676403601,0.4879488540220681,17.778651798438343,0.9901799095928617,ex_06890.txt
347,0.0077420427413676185,0.5325304846718207,13.97702682592421,0.9839856576154318,ex_03042.txt
348,0.003919744701758097,0.411507474973707,28.802416120757854,0.9826796949082015,ex_08671.txt
349,0.006818343767496296,0.44838800138971585,11.255870751947835,0.9918426218679706,ex_03917.txt
350,0.007995103916866522,0.5399835091782369,16.855583376937695,0.9838829889866899,in_00101.txt
351,0.006299479920983468,0.48795402613167704,21.83463332744603,0.9858084888627526,ex_04085.txt
352,0.0006227395750999978,0.4169072020487507,14.750368967629766,0.9742174239295873,ex_08697.txt
353,0.006377070034429975,0.43267200439930686,13.687609336573328,0.9751910674152213,ex_02351.txt
354,0.004468764948376028,0.4063635020448122,17.774500670060796,0.9840459403801491,ex_05358.txt
355,0.00392410349868063,0.5049871673597749,13.8498918598066,0.988388626535631,ex_00208.txt
356,0.004101966079502436,0.4745723355457707,16.216854573606884,0.9823198337752403,ex_07215.txt
357,0.007183442926993756,0.527745676069253,58.62344562549666,0.9881499392984052,ex_00793.txt
358,0.007174441914326315,0.4853571635999663,21.414810929385705,0.9891413832223547,in_03161.txt
359,0.005662476190476179,0.4990483685297202,21.75200014686696,0.9866599484270108,in_00454.txt
360,0.008246577736770727,0.5300903188776028,27.518510335448195,0.9899661585833982,in_02243.txt
361,0.002520186258483179,0.46734651880936484,15.390848864903061,0.9879328061944039,ex_02621.txt
362,0.015318306944550426,0.47512504966924285,15.131840692385246,0.9840415176743638,ex_07995.txt
363,0.006251169055275015,0.4071292646357049,19.224392847138226,0.9918058235526565,ex_08318.txt
364,0.0025139609292712454,0.4728734894020672,15.176089341286314,0.9918293163326382,ex_05614.txt
365,0.011304178695002479,0.4700549153015104,14.295129040112394,0.9923014369771029,in_02479.txt
366,0.009639718468791563,0.48239084337341354,13.58286680497306,0.9812060516972988,ex_00803.txt
367,0.007535205228382753,0.4473617980252211,13.484757986151658,0.9875640922914157,in_03983.txt
368,0.006992926199994321,0.4252648518099729,16.2521423936583,0.9858269220766033,ex_06255.txt
369,0.010222662243884848,0.47436372240925295,13.50827312837557,0.9851052979863056,ex_08278.txt
370,0.01685528557844343,0.4716551911040013,16.89978479162615,0.98751496050813,ex_07639.txt
371,0.0021942110177404273,0.48353269573209157,17.805688433345605,0.9875253990963851,ex_02741.txt
372,0.004326370580680046,0.40083477197403794,15.108566027479249,0.9748518420320074,ex_08907.txt
373,0.013457157177682135,0.4888061715440509,15.048630549223912,0.9831482875500072,ex_04867.txt
374,0.0033136524314512214,0.518495598343844,18.76353797806342,0.9777016757628932,ex_04873.txt
375,0.00919491949194921,0.4653573013819115,19.19028501888769,0.97541449077407,ex_00340.txt
376,0.0025367833587011616,0.4118545349098678,20.208270214834,0.9930875442068487,ex_08047.txt
377,0.001578402804172471,0.4289650236757942,20.995924378616508,0.9883668474822642,ex_02556.txt
378,0.005461742351704827,0.4936890920071232,18.359749966313846,0.9868391899771407,ex_06917.txt
379,0.0037211904229133984,0.4322087349111949,15.933503621841473,0.9798996048332189,ex_08084.txt
380,0.003977580951009331,0.46921038559291056,15.58490388132821,0.9914241044037697,ex_09198.txt
381,0.008659710310653738,0.4195204377110372,17.185246536887757,0.9896321101170814,ex_02608.txt
382,0.0024570722956128678,0.4206195056741721,16.416479310870663,0.9754481979692008,ex_05173.txt
383,0.005312201642161534,0.46245350828985143,19.846269097024006,0.9870840716241687,ex_09007.txt
384,0.006126237623762365,0.4492106010969874,12.187624304211546,0.9927035613520231,ex_02146.txt
385,0.004654654654654646,0.4774131075265969,19.348858358339417,0.9897363687245507,in_00441.txt
386,0.010264953157436916,0.5108291617480424,15.941135510546651,0.9864884073015461,in_03148.txt
387,0.0055897934161519315,0.5082640785125386,9.012998488736644,0.9810511749201312,in_04627.txt
388,0.007321135071981633,0.4866456564475192,15.15311968994818,0.9909801205849318,in_02518.txt
389,0.006955306060997123,0.4885302700248194,17.582575555802798,0.9712512861724037,ex_03072.txt
390,0.0168722699591305,0.47322201211328807,22.75683621924398,0.9885344517686939,in_02083.txt
391,0.0034429867502121228,0.4502445492440561,20.550524861607183,0.9900635529945436,ex_04709.txt
392,0.005859726141946264,0.48691522223081257,18.558148470306037,0.9902661259466135,in_02068.txt
393,0.015024469685685594,0.489856869955658,13.273677104554299,0.9832526216490391,ex_06134.txt
394,0.0018550502142902808,0.41324774187038943,15.752561725407343,0.9838707193073761,ex_04737.txt
395,0.011603040713196662,0.5179587745257642,20.583194820158653,0.9767101525294454,ex_04079.txt
396,0.0021707068818678436,0.42768909998877486,18.663056816329696,0.9831219041953744,ex_04290.txt
397,0.004794293983874293,0.47965195482992684,12.634014409923582,0.9905062383938665,in_02240.txt
398,0.0014471086577348413,0.43812117955141555,37.99321278019145,0.977599445546815,ex_09005.txt
399,0.0035977581375296348,0.43671602805259935,15.763252578712915,0.9880659040562768,ex_07996.txt
400,0.009379132068373753,0.46119429383713156,14.745984012693686,0.9821922197585012,ex_06322.txt
401,0.007477463917440465,0.5130276401873973,13.849970096341568,0.981504877833497,ex_02795.txt
402,0.0030273604494930936,0.45251567309187374,10.720241668775348,0.9673646814655203,ex_08284.txt
403,0.010321976083880895,0.5329716440251118,13.566457573159521,0.9725463051092438,ex_08509.txt
404,0.004647990078062297,0.4628053715654144,11.325451724582855,0.9890099692069542,ex_02756.txt
405,0.007216349985319414,0.5175013493055984,16.57869629448,0.9913901205600414,ex_00627.txt
406,0.010813608351776801,0.49412618587258716,18.19725081178248,0.9922992822337985,ex_08253.txt
407,0.003475256077995798,0.48453287513620436,11.07876808275396,0.9922772807089559,ex_00394.txt
408,0.0029774084315264426,0.45934353218297747,20.65726477391667,0.9880199885100802,ex_04680.txt
409,0.003628179023435933,0.5005941093984306,12.275679601967218,0.9913299536937434,in_03200.txt
410,0.019300216829543092,0.4997070552575317,24.523403006366788,0.9822209122309901,in_03228.txt
411,0.010250464511334111,0.48325469317909847,11.985514833438426,0.9931547683745012,in_04221.txt
412,0.006218717198843203,0.4838105607823605,13.03729090378344,0.9903920885291874,in_02877.txt
413,0.0019118807973159636,0.4600101506442644,14.840459767801466,0.9859090325128498,ex_06732.txt
414,0.008719373879025768,0.5427381421712435,7.906234819407266,0.9870955646159933,ex_03892.txt
415,0.006026209677419343,0.41163120146602766,20.430813018574145,0.9853452488017084,ex_10178.txt
416,0.024699260365801504,0.5083815274324597,8.90850462217572,0.9855046456523825,ex_05213.txt
417,0.024631461735246808,0.5181606448442695,15.95293447283747,0.952398297871786,ex_07363.txt
418,0.009217498459642657,0.42410678209486946,18.50000538386914,0.9842798198172054,ex_03893.txt
419,0.009533521909582664,0.4769277559389172,14.268166852902159,0.977096509240917,ex_03887.txt
420,0.006181004705936888,0.4603905943749729,18.320789279616623,0.9892472869777658,ex_04871.txt
421,0.004470503661769324,0.4862450321010119,17.445779644398606,0.9912119231172223,ex_04681.txt
422,0.0036420841290828016,0.4765791587507675,18.439950683960713,0.9905900420708397,in_01416.txt
423,0.010605654989495481,0.5028818622398322,9.360409888169206,0.989036596705281,ex_05762.txt
424,0.020065665993625706,0.4730935825507632,21.095559762319642,0.9849972516227661,ex_01510.txt
425,0.004557403984391037,0.4472209657332286,19.656350652900148,0.9923396689050727,ex_02970.txt
426,0.0195737727064889,0.48864201452716016,16.542071521307125,0.9905078868243589,in_04036.txt
427,0.011260790295003023,0.46420664039514686,27.15913669201486,0.9911324370501726,ex_00183.txt
428,0.011566697196464304,0.45237613797603093,11.483578099347813,0.9879330222789805,in_01166.txt
429,0.007534242037395395,0.5096957714545062,15.158136458234237,0.9907094001357672,ex_02958.txt
430,0.0028020263132622638,0.4115934241871373,11.803539458276006,0.9893966941103093,ex_05158.txt
431,0.01771845618392621,0.47435653116419424,16.822073802742587,0.9801571345461293,in_01774.txt
432,0.005678959608904066,0.49101395015977894,15.687881140076572,0.9854349976525987,in_01589.txt
433,0.0027334986421065025,0.4160999552296268,14.271016502719977,0.9897184253984458,ex_07217.txt
434,0.00357378268767824,0.49876125472806454,11.389638414678432,0.9923502413191568,ex_01896.txt
435,0.0034321111669177906,0.36289845449777125,31.364462452758456,0.9922320728781484,in_00654.txt
436,0.004755491422158078,0.4287009780709954,15.149868299309292,0.9888742652587097,ex_08685.txt
437,0.0056098681995908695,0.4024527374294105,19.8029091850446,0.982785049521588,ex_10009.txt
438,0.00394507737218734,0.47003639300186867,27.26685795429544,0.9893073684278013,in_02090.txt
439,0.009123634920140596,0.48237204703328973,12.393034749759192,0.9863284297873137,in_01599.txt
440,0.009845018812082492,0.483591259454714,12.483932858487632,0.9936524243815303,ex_10035.txt
441,0.004881655615832821,0.5478627723717906,12.492530821543273,0.9900127854443159,ex_06643.txt
442,0.005986475735879068,0.48001528802213717,9.255881870807839,0.9783057520415575,in_01994.txt
443,0.013456791495636524,0.5507031297679497,18.579468454309794,0.9861442665830769,in_01764.txt
444,0.004621110364898132,0.4914727579016545,14.691755029528155,0.9922615872024645,ex_07777.txt
445,0.004594315245478027,0.5232424346679028,19.065943991198104,0.987167664244395,in_02292.txt
446,0.0006654783125371363,0.4177681196596414,10.904166233716888,0.9879923162418687,ex_10551.txt
447,0.00863023059057894,0.5192526767017429,16.62921779851074,0.9775996335504544,ex_03539.txt
448,0.004365214467351777,0.4357593445998203,13.947069969084088,0.9903321441736739,ex_05955.txt
449,0.00405384907091391,0.5272330609352986,19.000994998822396,0.9891497943976144,in_03007.txt
450,0.006378115470880262,0.45404177307851457,16.54861061871847,0.9631553042118721,ex_09612.txt
451,0.023528045138922673,0.4906082787329479,20.127094828348476,0.9852854419062739,ex_08097.txt
452,0.006248856180519047,0.4815712286587503,11.890720122477093,0.9926022187724043,in_04556.txt
453,0.004517583750189473,0.37402784100209824,17.413977969103463,0.9816026635600195,in_04230.txt
454,0.008427388222081824,0.4758042766225547,20.33370381980627,0.9578295665334976,ex_07401.txt
455,0.020048562306456668,0.5431159179537003,13.454895622714165,0.9807412439073324,ex_08040.txt
456,0.009548433230404219,0.4622081722278015,12.22369889908309,0.9753301948194424,in_02867.txt
457,0.005927420306269308,0.47367503384136256,17.83578702736472,0.987375915061368,ex_00353.txt
458,0.012429790645479421,0.49884968884551034,14.806630943391923,0.9845214379725385,in_00080.txt
459,0.007695021261178826,0.4649936827166959,19.518714656426713,0.9919028635523978,ex_03855.txt
460,0.001769038487224987,0.4553173917278302,14.646947664201292,0.9865262284683254,ex_06087.txt
461,0.0071608149111400165,0.4887732910565823,10.190559615619508,0.9870722576087154,ex_00390.txt
462,0.005449582530507379,0.4183463798093755,18.163548285692457,0.9873686308131981,in_01407.txt
463,0.0015981735159817335,0.45183196572089696,12.469313585405276,0.9691478336779521,ex_01918.txt
464,0.01401127680439815,0.5359178237766777,12.96113832223574,0.9651115278767645,ex_04874.txt
465,0.006359088140607316,0.44380996876214596,18.652779742770598,0.9864839919022953,ex_04337.txt
466,0.007792698692586208,0.5133336457111048,12.76985106153362,0.9875773267722612,ex_10342.txt
467,0.005317773140634248,0.46717460378442405,25.89216482789853,0.9837184191246081,ex_00192.txt
468,0.006160163726507547,0.4559594173756615,13.839575948484203,0.9882543119670589,in_03984.txt
469,0.0012732651761974314,0.38299792134024585,29.499857358272358,0.98139079016363,ex_05149.txt
470,0.006888301776016447,0.49443315062918575,19.794969063512465,0.9904727640142257,ex_00743.txt
471,0.009379158537195488,0.45635286170999784,13.281586690495162,0.9908904676762467,ex_01313.txt
472,0.0032873095972338973,0.4723956965714046,16.90752632072855,0.9894150328968505,in_00447.txt
473,0.017393476935110244,0.4766438373608703,23.81744959220577,0.9585443736601932,ex_08492.txt
474,0.0199344199751224,0.5247666129927409,21.300214656974397,0.9895076898023684,in_02907.txt
475,0.020156188599506367,0.4508002572633564,25.687773236730617,0.981220329785372,ex_07548.txt
476,0.012921151776103418,0.4671532891034969,25.22162499505921,0.9793923811637789,in_00686.txt
477,0.00544927330398143,0.5005505597286861,26.74809193131695,0.9895057739985633,ex_06695.txt
478,0.003672014260249548,0.43786977279795786,17.344957300627385,0.99098910649765,ex_08690.txt
479,0.011628281753636581,0.5160832785846888,10.366052315079573,0.9918534113844792,in_04345.txt
480,0.010975012658785263,0.5176913891284673,15.302693199459187,0.9853555940526729,in_04437.txt
481,0.013104643916368362,0.4388316739314402,13.600382550575617,0.9858038911796226,in_00647.txt
482,0.007544997463891228,0.4709480666164117,15.934194597424435,0.9924670944826166,ex_06867.txt
483,0.012388682226416623,0.48852758139914865,12.302827484345382,0.9915631426687922,in_04384.txt
484,0.0015087335747307037,0.4265294169739804,53.76318882276239,0.9845669279061706,ex_05407.txt
485,0.0030697318007662806,0.4536186694978642,16.993032093973415,0.9711271605485822,ex_02340.txt
486,0.00619514868496883,0.4709211892967967,17.908491829352634,0.9878937927727425,ex_01649.txt
487,0.009971226718047559,0.464827607251011,14.319156836502671,0.9860738865703957,ex_10036.txt
488,0.008282078571509416,0.5053385777130777,11.551342817028573,0.9848213538052419,ex_01311.txt
489,0.003986422078073046,0.4362398901245171,18.698294847057753,0.9598952738313413,ex_01477.txt
490,0.010325781312766114,0.45382105748391255,18.76933231424492,0.9669985435797462,ex_00033.txt
491,0.006866217320261433,0.46358279849383155,17.486850112018264,0.9922571525701683,ex_09017.txt
492,0.004463754123421023,0.4397395787879219,22.38070234710595,0.9905636459767682,ex_03248.txt
493,0.004144931906125929,0.3841185064229956,14.362292524250016,0.9860798795255908,ex_00027.txt
494,0.01080869812248172,0.44238811253532917,16.327504122000068,0.9885541189081218,in_02440.txt
495,0.004028086831825143,0.4765558869615526,17.045019319613186,0.9889814430221481,in_01607.txt
496,0.0008793799887903206,0.45048957117523564,12.692839638274911,0.9800329736913852,ex_05003.txt
497,0.007519954948337488,0.4103324129194445,13.704153104439067,0.9919009251412613,ex_06913.txt
498,0.0012845312598773622,0.4612275727761271,19.25638639738586,0.9836450563014216,ex_07416.txt
499,0.0065074008288928354,0.4393090604638618,11.873141930012132,0.9844082003883973,ex_08731.txt
500,0.0032000844805406686,0.4810582991668312,18.020805234786437,0.9898694960045863,ex_10618.txt
501,0.004027840031874091,0.47696188186018523,14.693470108892623,0.988546475437965,ex_07364.txt
502,0.004738845630947961,0.45301989208598326,10.65426009745139,0.9869869135872363,ex_10630.txt
503,0.004864719704598849,0.47969055451570847,19.011089141029682,0.9882392393757483,ex_02546.txt
504,0.006898506283829291,0.4787292717405705,14.533253326812497,0.9884185968153917,ex_02221.txt
505,0.06078991258727809,0.5212720651600335,23.731541705358026,0.962274231876701,ex_07403.txt
506,0.0033873207885304624,0.41964984730378985,17.29665481480239,0.9824352771326578,ex_03117.txt
507,0.004244306418219453,0.5366207701650338,15.310986696777574,0.9870702464758669,in_03561.txt
508,0.004175446721469639,0.4587517892356907,24.872928839557055,0.9856956743757035,in_04568.txt
509,0.010217927972782386,0.4984983890131841,14.70929736501838,0.9838499406943549,ex_00146.txt
510,0.008390929508077967,0.44863747862245873,27.659542448976914,0.9896399207016754,ex_05758.txt
511,0.008675459632294167,0.4225322738044824,12.440830814571184,0.9834007879092315,ex_05770.txt
512,0.005326208881507429,0.4610850710109669,8.932825435370356,0.9875158069507023,in_03788.txt
513,0.003651016273737165,0.5360757307777088,15.425434020894356,0.9901093095572105,ex_03467.txt
514,0.006294651849005387,0.49949615391919666,15.83661320312132,0.9840590692605095,ex_05002.txt
515,0.003542202967706822,0.5001673734401579,16.018289242232747,0.988659619546942,ex_07173.txt
516,0.008173363995804104,0.49817389264542666,18.150845619004073,0.9932034014224099,in_03011.txt
517,0.0024884053192658503,0.5082830891889278,13.929100631537485,0.9827808848587181,ex_08297.txt
518,0.008650152260482578,0.4858460359650252,14.499573880001224,0.9913758113209334,in_03987.txt
519,0.008572407695623917,0.4897267136662571,16.138980708527832,0.9626184423539919,ex_06331.txt
520,0.008227649746339216,0.4611188257789165,14.50338664396274,0.9870949986994156,in_03818.txt
521,0.020985891617718692,0.5106094374542811,24.93719096557135,0.984340964169535,ex_07013.txt
522,0.002542349153016934,0.41983733580711274,24.47026442214406,0.9918095367829991,in_00487.txt
523,0.01935297904497497,0.5090300172663846,15.577659846222165,0.9815056727875034,in_01941.txt
524,0.003791938544125128,0.42296886206846585,17.59770971311645,0.9863314218510634,ex_07946.txt
525,0.0028908236035184763,0.45670906479828505,14.048594321273278,0.9936321238892303,in_01766.txt
526,0.0029902956443240754,0.4197692446641489,11.426339433379136,0.9768740780204541,ex_09572.txt
527,0.007111111111111099,0.4483616237691396,13.297316423665896,0.9905813181497962,in_00691.txt
528,0.01331941573816709,0.46984739841108863,20.185263377258348,0.984541843249317,ex_08693.txt
529,0.008727195046427895,0.469691074425035,14.35499130619972,0.9898575115073224,in_00635.txt
530,0.005944467211248611,0.44940523961614026,12.696536657934304,0.9771934207277603,ex_09515.txt
531,0.00864302377395089,0.4298344044539113,14.474010688862286,0.9862065514474643,ex_01175.txt
532,0.0015941829525644537,0.44474104548705257,17.50147807005967,0.9784954891608789,ex_06395.txt
533,0.01414119263597414,0.45331442915961834,9.809230251139319,0.9893997375546874,ex_09930.txt
534,0.007396447256860439,0.5325949968787226,10.46672030361438,0.9808050990540071,in_02234.txt
535,0.0032980562564246287,0.38745710494630115,33.706172089242095,0.9875374620612483,ex_07909.txt
536,0.015739158488959237,0.4903891588110582,17.08821749140304,0.9881940389445756,ex_04384.txt
537,0.008041454696802263,0.47687738008671043,17.05692007012473,0.9907915497314833,in_02354.txt
538,0.011373208579721142,0.5264730297458559,15.259537054516988,0.992082093143053,in_00543.txt
539,0.010294183657426676,0.46303439826154746,19.091706184443353,0.98536833780938,ex_08596.txt
540,0.013395094880057334,0.5036333909399416,15.209841738633763,0.9846183044524063,ex_06222.txt
541,0.008996861532696299,0.48633126978922947,13.59769585905553,0.9906549912040022,in_00580.txt
542,0.005896444082518988,0.471139136611187,23.915317635479926,0.9872363110062816,ex_00486.txt
543,0.001548694407423859,0.4523427691075008,19.331862708427206,0.9833100724432621,ex_05298.txt
544,0.005468616513392625,0.4516017945097863,15.43036229004394,0.9822333834545449,ex_03825.txt
545,0.009499029948672908,0.42078925307289483,8.73072559102073,0.9902110620479563,ex_06785.txt
546,0.003168776533169654,0.4989539078509547,18.846160539172775,0.984917227544549,ex_00492.txt
547,0.0014208882720333086,0.4454509704844896,24.682602494555457,0.9849131925124106,ex_00445.txt
548,0.011680441781447299,0.5510887525645023,9.181405763777159,0.9677734790884037,ex_04145.txt
549,0.002053678761561293,0.4144496437540917,15.86940757077465,0.9610617329305918,ex_10642.txt
550,0.0024196870288978028,0.44964441229065794,16.613011397936848,0.9894489535963091,ex_00479.txt
551,0.00658703634938317,0.4794349115838195,26.05097033384962,0.9846667722293306,in_02802.txt
552,0.005360704666229881,0.47590031715025793,19.389142796192637,0.9897819528849603,ex_03818.txt
553,0.003564997323210195,0.47204627408677324,13.588416030399129,0.9824400921287049,ex_04805.txt
554,0.0039430591737997685,0.4731745141935418,15.210237304083122,0.9907291309413125,ex_02079.txt
555,0.006677778630249094,0.4803334136520464,24.03299837645579,0.9905413580778392,ex_09886.txt
556,0.00879956557395219,0.4738162727746836,15.195368632239555,0.989181131262011,ex_02045.txt
557,0.006275578682194549,0.46403554476473335,15.549574456987317,0.9843465797603869,ex_09110.txt
558,0.0289994723389401,0.5328883391574248,14.690283761867661,0.9753663738317752,ex_05058.txt
559,0.007365242409111441,0.4803100469143626,17.413677643018463,0.9809092274323811,in_00542.txt
560,0.001976192146682568,0.4430224521182893,12.097957260306295,0.9821219784397588,ex_02904.txt
561,0.009154552700261305,0.4723617087043684,17.897938569377043,0.9878223083486566,ex_09845.txt
562,0.011122194998638887,0.43971788803663436,10.606241973212107,0.9877484245072001,ex_07868.txt
563,0.0061307046367287225,0.4598669227693556,22.28424514971323,0.9871857351324691,in_01927.txt
564,0.007190781074334513,0.4923116209077771,15.648373109488755,0.9884883663632197,ex_10247.txt
565,0.008259322941236266,0.46077107653195054,17.93099389208646,0.9796214747215503,in_04644.txt
566,0.013879496166661402,0.4330856838279383,21.99994820726511,0.9865538509777854,in_03895.txt
567,0.0056986008806571365,0.4594684945381502,17.03637896293232,0.9905511511358178,ex_01606.txt
568,0.004923192913014786,0.46795652613917765,14.694938267286291,0.9889072406265621,ex_01612.txt
569,0.006386376755820654,0.4511671202929625,19.520501821378758,0.9907054281053115,ex_03005.txt
570,0.007194689168045294,0.49713567344434784,23.297098474985773,0.9849173070462685,in_01516.txt
571,0.003337130978793141,0.47237328281320196,14.377343279991557,0.9886846977291573,in_00608.txt
572,0.0027494055339386033,0.45187451466917056,19.7067406317474,0.9879841962360563,ex_02480.txt
573,0.015023291572986177,0.493251246699454,10.627945502248487,0.9914081863435885,in_00636.txt
574,0.006698475191381004,0.4414607609075346,13.101389021976589,0.9751383659420092,ex_00254.txt
575,0.001995406258972147,0.4791225416979532,11.555368257459095,0.9812268541243768,ex_03013.txt
576,0.00530861767279089,0.47720883252154533,10.776852441899944,0.9853919072873674,in_02579.txt
577,0.003535572931750162,0.5045179243077952,16.334610243908386,0.9827311376212083,ex_09927.txt
578,0.0058018644709445285,0.45671037526191915,18.22400145737815,0.9894438614930668,in_04134.txt
579,0.0028717055613607296,0.477002632646269,18.460005693051386,0.9925470688873154,ex_08378.txt
580,0.0013898154325105612,0.4295376906415761,15.71473476405158,0.9833010602146025,ex_07711.txt
581,0.003742056614673593,0.4085935541734854,19.467954755818422,0.9883149616767466,ex_02669.txt
582,0.003843947606142722,0.5043547301458402,15.67962642302051,0.9881609097859739,ex_08350.txt
583,0.00745957878408211,0.4763567229509049,11.687303625083256,0.9917588335369352,ex_01374.txt
584,0.005154275911630377,0.4821451079652202,17.551555997884737,0.9686224951413631,in_04083.txt
585,0.004597155243801444,0.45127692954977683,15.265010862333837,0.9890358030607693,in_02380.txt
586,0.0019457575323497084,0.44480344446731135,12.73177580325296,0.9881456717144119,ex_07498.txt
587,0.006606312790523329,0.5124828419244845,16.861714332762958,0.9900889491196047,in_00030.txt
588,0.004215251047977056,0.468274632541972,16.565379219758217,0.9902287124852099,ex_07467.txt
589,0.004695558255704055,0.551412794479037,15.555945556459935,0.9858250438400971,in_04280.txt
590,0.0070772970503784885,0.4743431221309502,21.57906204429916,0.9832220418486329,ex_05271.txt
591,0.006406018706457863,0.46521602910944376,13.820543427626884,0.98705226272665,ex_01956.txt
592,0.0022001084824967636,0.43289090256329316,14.919087958731325,0.9834917615977531,ex_00679.txt
593,0.0012101001591313292,0.4297048410957726,15.5181102066867,0.975699060331657,ex_01215.txt
594,0.006309274233802524,0.4764791613896305,18.516038236103398,0.9822771217968285,ex_10318.txt
595,0.006418741844070196,0.4886989099621892,19.458477662478543,0.9613977575046134,ex_06234.txt
596,0.004322506205171097,0.5009125670890965,10.19304718029346,0.9860515478082903,ex_07894.txt
597,0.0038856184057105446,0.3674460458924073,11.079104905904723,0.9842694446705488,ex_02913.txt
598,0.005583679389221174,0.5008541847323977,31.745364525160053,0.9901348514378134,in_02430.txt
599,0.005537474366607121,0.44446265378672634,13.814283153376204,0.9928461100203164,in_01105.txt
600,0.010143135152581346,0.42364364760880163,15.411806548699195,0.9854941250838734,ex_00692.txt
601,0.0034089603259850254,0.41893067002402035,13.489130968850581,0.982361911063481,ex_02668.txt
602,0.0019823174747935325,0.4271944413112352,15.425690995347177,0.9802258247046177,ex_08345.txt
603,0.008451764510158699,0.5169769395962507,20.713938579178716,0.9905644932456457,ex_03238.txt
604,0.01214425850152919,0.5008021026327553,21.627690422395847,0.991559230309904,in_04647.txt
605,0.005033961068536001,0.44659980048627124,21.28283620106725,0.9928278020581346,in_04135.txt
606,0.0020588108481007167,0.46500657146241503,25.043708436647236,0.9907236156806404,ex_00902.txt
607,0.0023620756172839474,0.4552936326424237,18.163386744008463,0.9755527283824176,ex_00080.txt
608,0.0051047737996114265,0.4588577890305106,12.334932041995431,0.991727773518991,in_01298.txt
609,0.0032825535001813496,0.41706369549817857,13.921069858864646,0.9806446465808774,ex_08147.txt
610,0.004176359809460499,0.43986573979838534,15.11881077296064,0.9891689300750091,ex_10052.txt
611,0.006223092923136446,0.4659342482714064,17.41509629247281,0.986425367331417,ex_10091.txt
612,0.0069445413662092064,0.5261617755591145,18.358217565763134,0.9896857707707478,in_00633.txt
613,0.010532395841055047,0.45403881813331587,18.466629184629852,0.9822000788189469,ex_00286.txt
614,0.004767422920302494,0.4582521956052108,19.749363440927382,0.9896425917434609,ex_05467.txt
615,0.0035994113957639727,0.4512357056306617,17.842771625058614,0.9879009444751555,in_00814.txt
616,0.005765492401815659,0.4845802195070891,17.005006778913696,0.9824758536483498,ex_10056.txt
617,0.028668884127270398,0.5816509998688522,18.858531703241415,0.9651202813137006,in_04131.txt
618,0.03405882127511533,0.46665077419324236,20.863830354566318,0.9811351719871128,in_04657.txt
619,0.003679505793264434,0.43556480342905946,18.272284625697864,0.9901552700167244,in_04125.txt
620,0.0071422068899429725,0.44283198799454887,19.41854989799325,0.9882581943604393,in_01707.txt
621,0.0021633095812526853,0.4501104802886531,10.316391759297323,0.9868879297722445,ex_05856.txt
622,0.009948264884518374,0.4810675651516257,14.528047255334355,0.9925518326220241,in_00394.txt
623,0.001970312348902424,0.3726460415837297,13.33598901121673,0.9873685610097025,ex_06422.txt
624,0.011179235638758158,0.45661983825855623,19.388392148582312,0.9882194187500526,ex_06344.txt
625,0.008970397971329513,0.5096094211547969,14.623686672336543,0.9734427102906023,ex_09842.txt
626,0.0055718610245773115,0.49820796146197016,22.671142672839764,0.9836292436741793,ex_04396.txt
627,0.0034656913967258734,0.48248158549482206,16.57645323473384,0.977141519308241,ex_04382.txt
628,0.001974637681159419,0.4075043742744165,18.366110907068656,0.9814222565861651,ex_01577.txt
629,0.0007018625034237196,0.4666519559064777,18.841850341860287,0.9852573613348454,ex_08235.txt
630,0.01567998083691562,0.4827453195077804,23.744211617796743,0.9838806619414447,ex_07112.txt
631,0.0027879047823289693,0.46965229613419146,18.83812973137365,0.9749396521821446,ex_04433.txt
632,0.005946666115839039,0.44961415025064355,13.685188857720995,0.9860596061781154,ex_06973.txt
633,0.0014565331238544105,0.3976005528922277,17.59547478949429,0.9914839966485971,ex_06783.txt
634,0.01164628836796561,0.5035375891324163,12.123016154156172,0.9855262315039539,in_01471.txt
635,0.02979044120398455,0.4676602139281193,22.579952696845133,0.9843801968753315,in_04509.txt
636,0.0027453383314109906,0.42544067204803454,14.452152392417348,0.9810605123603435,ex_08745.txt
637,0.00307560917601781,0.42196780042258325,14.327669045664765,0.991121732091126,ex_04157.txt
638,0.006193736229146982,0.4590218281285128,15.237057285680633,0.9903097959148578,ex_02533.txt
639,0.0016697024893746197,0.3362807890030692,8.015414745618099,0.9467819561134234,ex_03605.txt
640,0.014884961669586264,0.49007128109913284,9.85039989539597,0.9929432924419818,in_02179.txt
641,0.007806453167546206,0.4505063112478759,18.706054648595924,0.98541768751876,in_01302.txt
642,0.0113526031869813,0.5002387240711228,11.968470350179919,0.9806521275206139,in_04534.txt
643,0.00921592131550637,0.4552338934134777,19.763464743090502,0.9830598933419717,in_00746.txt
644,0.006114983372055931,0.47671248896833174,19.10995683696222,0.9822127241335106,ex_02043.txt
645,0.0063105017547919326,0.46236297478640953,19.3969101569209,0.9863394823092974,ex_00654.txt
646,0.002689195721160915,0.4806848891003742,15.012891103847727,0.984164635041555,ex_10321.txt
647,0.014206882161013765,0.45471527390521266,25.210598552576204,0.9864640523829723,ex_03413.txt
648,0.010230911737461984,0.4775427834860487,11.211713295871903,0.9874634604411278,ex_08234.txt
649,0.008348765432098806,0.47271973667969197,12.454233591550826,0.9895974520487224,ex_04383.txt
650,0.004870176037311939,0.4293192156338615,16.011586740838588,0.9834722940998305,in_00578.txt
651,0.006392124532034173,0.5299532387135364,17.979929196636032,0.9888680397523798,in_04044.txt
652,0.009529878618113944,0.4809196572720146,14.234704241897088,0.9870911253115163,in_02353.txt
653,0.009300634647961256,0.4141804560661337,11.25507891122179,0.9915966039851568,ex_05658.txt
654,0.02358061772454356,0.537301268209431,14.529523856343795,0.9873323247680214,ex_07701.txt
655,0.00648284079904674,0.4883440057705348,13.591259149924783,0.987609962971033,ex_02686.txt
656,0.010516920933505416,0.4632567507603304,14.674618343666348,0.9940530408476803,ex_09923.txt
657,0.005534209868973808,0.4769357271138736,25.741219029852825,0.9875312797064716,in_00801.txt
658,0.0017056856187290953,0.45168576724634724,9.647673935854549,0.9856062057692568,ex_03981.txt
659,0.0009634992797141298,0.4637908492826531,13.167337249897898,0.9841812515984409,ex_04022.txt
660,0.0016499365409022707,0.4261286527332134,12.271141735260498,0.9829662183556213,ex_09506.txt
661,0.026714519479421998,0.5170162376699989,27.206919228089475,0.9706901054967453,ex_03765.txt
662,0.004314307594382775,0.4801446461159757,12.042145491293574,0.991374538273507,in_04497.txt
663,0.00911012021304475,0.43954867867217134,15.432202877111317,0.9831609034286249,ex_03942.txt
664,0.005862872074528512,0.5211020820706459,12.263958605579147,0.988396892199059,in_01510.txt
665,0.0035581176129359663,0.4789185707044293,20.737320123560664,0.9893351332394108,in_03307.txt
666,0.004278273809523801,0.4588659887117727,22.18165653367404,0.9860056066623707,in_00154.txt
667,0.004226328560381828,0.4659923260686284,16.255443490029972,0.9866866734693582,in_02033.txt
668,0.004926298903841006,0.48358781277373913,20.230121150305955,0.9861178385835913,ex_08829.txt
669,0.0012403945059599427,0.44081182107900296,17.722990361442356,0.9878078198349057,ex_04975.txt
670,0.011285382539383725,0.5365066552730111,20.297241292568327,0.9748156115226517,in_04324.txt
671,0.007311060777651935,0.5430638610990419,18.716285401344575,0.9702925743777732,in_02557.txt
672,0.007374146757679178,0.4939689899087566,16.395638001140313,0.9846532472216516,in_04654.txt
673,0.008282988471026542,0.4735134708160031,9.190803301963406,0.9773268818752705,ex_00905.txt
674,0.008262838186178935,0.47155414482582003,16.1452207968773,0.9832537198424713,in_01704.txt
675,0.007156809945604498,0.46325850902984167,17.281211478701238,0.9879376087781707,in_00552.txt
676,0.01170504326888449,0.49334733094760763,25.270350438803494,0.9861052564354588,in_02345.txt
677,0.008024017327145638,0.455967504828778,11.578451503361158,0.9886777555981103,in_02379.txt
678,0.006991238528328686,0.4679466070623493,15.836265834397226,0.9884521298647198,ex_00695.txt
679,0.011126526305540145,0.4737499001399666,19.081696282168576,0.9853689720462083,in_02392.txt
680,0.0024391414660906506,0.41597727233995496,12.899356701476142,0.9866342511560139,ex_02727.txt
681,0.007664449371766456,0.43921160204884374,12.582983281160642,0.9870664254932386,ex_07887.txt
682,0.001827347195967232,0.49316655332531767,16.14848042818784,0.9794723313122619,ex_10690.txt
683,0.008043245027647094,0.40417456331861207,12.902330818382922,0.9852952541645567,ex_08975.txt
684,0.014081594062630836,0.5041475909166625,15.841331817418416,0.9811755050792645,ex_00326.txt
685,0.0011693352741387667,0.445971677594107,16.811881250679715,0.9863275046500762,ex_02243.txt
686,0.00998297299437717,0.43783799184443556,16.81539018445484,0.9822184035972139,ex_07448.txt
687,0.05309865528812174,0.5805164375756766,8.926537003806377,0.992708263207884,ex_04828.txt
688,0.008396313364055311,0.4514300108983004,16.51234662172927,0.9872118345991948,ex_10685.txt
689,0.007530186865489676,0.4936154783590362,12.053867918277138,0.9905257800230214,in_03502.txt
690,0.025195918981074195,0.5128190672245085,17.910399124514733,0.9841373667169653,in_00584.txt
691,0.017509223509223612,0.500376863042332,25.143653993184287,0.9829102174557024,ex_07662.txt
692,0.01925264044665403,0.49252989818896137,24.404322726556774,0.9825700075845202,ex_00680.txt
693,0.009436366291611122,0.5307764014133837,20.830350272194455,0.9844881479983868,in_01117.txt
694,0.006190756073858103,0.4318566525198367,14.234308885004964,0.9901518553360645,ex_07058.txt
695,0.0034263754045307368,0.45166567643859135,13.582374469610278,0.9917085901472131,in_03648.txt
696,0.029968584611071054,0.511546286692978,15.577905658457704,0.9628681236101574,in_03890.txt
697,0.0039832483153850904,0.4852173107531573,16.879100307677916,0.9922376029984419,in_04641.txt
698,0.007086993225192878,0.4855351173984756,10.286106915486476,0.9911953136714113,in_02783.txt
699,0.0014829769203928002,0.42931952187165434,13.69020494017764,0.9871110014188811,ex_03772.txt
700,0.0025301407267380766,0.4497210831346332,31.84144487833896,0.9844456974840498,ex_04009.txt
701,0.011666832076012991,0.467614562449124,17.37326547375759,0.9906311012092743,in_00180.txt
702,0.011296794320137738,0.4776778643586055,13.09980648019486,0.9924282605283951,ex_01617.txt
703,0.0025952606175264946,0.3929321874796428,18.27021747651616,0.9836477413484477,ex_05471.txt
704,0.01771606775706325,0.4927008160294971,11.545424030111283,0.9829672350494684,in_01513.txt
705,0.007788283332456111,0.4846145948170764,17.321460617637914,0.9727201051483735,ex_03799.txt
